user_id;avatar_gender
f4e755af-5243-48cd-a6b8-41e5a986e7bb;MALE
57c573eb-9dbe-4e06-9aa9-e26c9bb2da16;MALE
44d409a8-b6ec-4f96-98eb-9a59ad90ccaf;MALE
f0b66c73-cb6b-44c7-a274-8de0669e28c0;MALE
2842d742-b1dc-4988-abca-da799ccf27cd;MALE
2baa4c6d-e014-463e-a1bd-ac95adb3bf41;MALE
0c4b0161-1da4-41f4-989a-1e349a97359d;MALE
22780836-6754-4a30-abd2-98ca2fafc492;MALE
0b3f14e2-3d14-40dd-907b-b2d6328c3b24;MALE
5257a2b4-efda-4a34-af77-8c95dfea85ad;MALE
35ac390f-312e-4f77-9cb8-f040cc6e06e2;MALE
9e152c84-1012-42ee-87f5-e65074365406;MALE
ab016795-c3bf-4cbd-bba1-c7a7fd627971;MALE
2dd0e9d4-2b45-44d6-968d-bfde51de40e2;MALE
f10a65eb-3b13-43f6-9f41-4cb96f8fca7a;MALE
ee494c51-bb26-446b-af23-0b0544985dc7;MALE
8c49147f-6e03-4d3c-8f0d-f3bcde9a9403;MALE
e14c07d8-53ae-4c9a-8b10-c5e44c64df9a;MALE
8f111f84-fe84-4539-adba-b90678a9ea73;MALE
c0b0dc23-ede4-43a1-8a97-190a39a86acc;MALE
f94c9b93-7584-41a7-8d4b-6df987d81c95;MALE
a2a08312-020d-44ee-8904-ffa2ad7a82ea;MALE
730264f5-2dab-429f-bff1-a8f53ca54482;MALE
1438b7a1-0c28-4fbf-b4f7-67f4f27651d8;MALE
57c76dc8-0412-41bb-b042-100a4afe00c7;MALE
09eb0f56-e65c-4942-9205-a454f6d2da8a;MALE
5fe8c3e5-b5a9-4aab-9557-837dfe0b82fa;MALE
804104d4-3ef7-4f5b-b780-bcb01860059d;MALE
bbf6811c-b805-4f82-861d-005d68d5f80f;MALE
63e8cfc0-7cb7-4f32-a1b8-4bc57502dd2e;MALE
3d10d5f6-3728-45e2-bdad-dc8e29b1fe11;MALE
5c43e0d9-543b-4e9b-9c0a-45dfe435ece8;MALE
9df035c5-cd24-4ed4-b074-80267b71c198;MALE
1b994708-87fc-4c71-b30e-cc0c1a024926;MALE
73b78f81-5eaa-482d-9e03-154022facf62;MALE
b55278b0-8046-4be6-a680-dc21e736a843;MALE
57e98544-37f3-4aad-afec-cadc47440833;MALE
946c0324-a8ba-4f3b-a886-086e1c0837a3;MALE
73e126b3-c7d9-4bcd-9de2-f930e090d5cf;MALE
a9f3068e-2d89-413a-99e9-57d223944f79;MALE
f47f6bea-f8ce-442a-9b1d-a992e98d800c;MALE
8bc0a413-8b92-49e2-b87d-807623baa984;MALE
e0369335-f09c-4e82-8777-463fe57ea9a1;MALE
44d0af62-ff96-483d-a642-1d1258583cf6;MALE
478c8c9f-3467-4aca-aff4-49df34b50d12;MALE
f3428d04-01b5-44e6-89c1-202240480c4b;MALE
f6e94f34-3682-42a4-aae3-891d9eb79dd0;MALE
30b78b19-1fa0-4dea-abad-70812affc96b;MALE
05976d1d-d62e-48b4-a2c1-362574a73fd0;MALE
692d67ef-1813-4ff6-8b6c-424d3261ccfa;MALE
aa78a824-0403-40a4-97d8-d9831ac47abb;MALE
d6cc8cd6-1813-4c55-b3ec-1425c139c89f;MALE
f4e49264-d437-4306-9e32-6dcafdfcdead;MALE
2ac64028-f7ad-4125-aeea-a4ca82a87a7d;MALE
b7620d4c-9ea0-4ff8-9dbb-033b3fc93b60;MALE
627b0e96-6682-42c6-8b56-6f4e1627dd85;MALE
c920dc51-c319-4b86-b934-c8b3196a3f5a;MALE
c46b6cb6-6162-494a-8c09-393b9a6f3959;MALE
b981ab75-7163-47cd-bef6-700334308aa6;MALE
16cb5e40-ff1c-48e9-9927-22fdbfad1424;MALE
cf255e85-7300-48f0-97f5-f42790a9e6b5;MALE
b64b050b-55c2-4de6-9de0-48036f297f3b;MALE
3fc68eaf-ddb6-45b8-b8ee-2cb0951bc40b;MALE
d9fea174-f875-4513-9d3e-6e375a1d36f0;MALE
b380f41e-f461-4386-9053-efe3267dc8c0;MALE
219bb96a-8a17-4934-9ac4-56b8188a7ffd;MALE
cd03ffac-62f4-4391-a4ae-30308a06f302;MALE
249ac410-71fc-43a9-8aef-ec5b5482a726;MALE
86d2343a-5962-4bbd-b181-10ef1ba53ba5;MALE
669998bd-95c0-4970-9b3e-449757ed2e62;MALE
964d7dea-d2ae-4190-99bd-568fbfa268af;MALE
dfc75539-9155-4895-9927-6d25223e9135;MALE
e7fc137d-f843-4df5-a2af-8463f2be3f4a;MALE
d0c46582-5cf5-4a34-9d37-b5de460dd949;MALE
f1da1403-ab02-4ef3-88b1-c40a0093346a;MALE
7bac66b6-e160-4031-82ad-7568ce622591;MALE
7fe17e8e-5e09-4033-86e7-4760e0383789;MALE
5a97f85b-ca10-4aab-8196-03971763aabb;MALE
f32fafd6-58d2-49e8-b4a3-c353574bf3b0;MALE
ea466d39-12fe-4ad6-8735-824173adb386;MALE
5b37950c-eb00-4eeb-9e75-102165c44f29;MALE
b91e3c32-1dbf-4f63-907b-7a6b2cd2d6e6;MALE
cd89e59b-dc7f-459e-9e05-989058f4ff15;MALE
4a0efeaa-dcc9-4344-8b6b-1dc12f710acd;MALE
9925edf0-8e15-436a-89ad-0f82c68b3f32;MALE
68f35d86-07f2-4da0-839f-d4d9b6572f7d;MALE
5157a259-f2f6-4552-a322-6647d55890e5;MALE
02df18ef-80ec-47eb-b3cc-772b4991a44f;MALE
6dbf8a7e-dcb9-43ee-878d-a24966728ae9;MALE
c3ad3f54-9d99-4b0e-82e3-d88360a1349b;MALE
0f5add8b-129c-4283-8b5a-5a785df5c09a;MALE
59edbf6e-cf1b-4fce-9b4c-e6728fd47134;MALE
976ee6fc-3cc3-4806-a8e8-d75e8d9a972b;MALE
ca06cb78-e34c-4540-b1a2-24ab06da247a;MALE
1d1d5842-4a7d-4f0d-bd82-ec42cd09b82b;MALE
65fcaee1-8139-4516-83de-2b998e0922a4;MALE
579616ec-7ca7-4414-b97f-cce509384be1;MALE
4c725203-6b75-44d9-a438-48bdd734f4f1;MALE
5edb217c-f044-443d-8662-84584bb7eeff;MALE
23e5558d-c3cf-4403-8b81-97a783e98064;MALE
c4b912fc-1cc8-4d80-86d8-c70fa53e744f;MALE
fdfa58ec-8c81-4b3e-a4fd-f368df562a52;MALE
b16a4800-24d7-49d4-bd13-69e593409e57;MALE
968beddd-9a12-4176-84bc-e9ebab68dd60;MALE
05cc96f5-4dff-4f3e-aa63-b8152989d5e5;MALE
ac98d2c8-8df1-4cc1-95b2-343549b499ac;MALE
36edb844-bfcc-4ae0-8ba2-ddbcefedd9f0;MALE
6a084ee2-77c1-40cc-b921-dc53997b624c;MALE
5efe7d2f-8af7-4969-a82f-8005c628788d;MALE
ee8b18a4-938f-4cca-b36d-c17c79f27ab7;MALE
1fc11ed7-6d8d-4bac-8d19-e8211b8139ca;MALE
c2fee157-c179-4374-8325-c373a92eda4c;MALE
77abfc22-3d04-4c68-9e7a-bfc12bd5d58e;MALE
06d949ae-80ae-4c79-9319-a4efb13c5b00;MALE
d7dce56e-cd6d-4160-b6a1-4a1c786885a9;MALE
0bc3ef01-b56c-4a3e-b017-f6135f4cc3a0;MALE
68ef63e9-be27-4843-a8f0-a37b9e2e0553;MALE
96a6cedb-c879-4e3d-a16d-5f611c1fa6a4;MALE
e09477bd-aa93-48a3-93de-3f4be34c3b7d;MALE
f0272553-7cc7-4a5f-a647-106882e31ae1;MALE
e7d6bf4a-9c44-4b54-9635-a1f8770d67f0;MALE
8d72ba0f-d4cf-4105-8baf-58bc244b117c;MALE
f02537f3-0317-4013-8c15-c7bcf71619ce;MALE
da7f1e88-5d06-4380-84f6-d548b7815a1a;MALE
01dbffad-969b-4290-83cf-9aca044b05f4;MALE
1019d508-a774-4abe-b50c-e9ff7aab9622;MALE
0ef93a34-1b22-409c-bc30-c86a16cd3248;MALE
73531ceb-34d9-4e3d-a8c9-5ff2ed15412d;MALE
9c5937a6-93ac-4d5d-bc15-c3ec2898021e;MALE
8a49a47e-dc9b-45ac-b883-8102216d6b97;MALE
a1f4f4cf-e40a-4d06-93cb-557a87b18876;MALE
dbac2c39-9b19-4c7d-97f9-3215c04fe97e;MALE
7263d5ac-c6c4-4006-a439-cc556a8e496a;MALE
cc00414f-5067-42c5-a9aa-3397536e6963;MALE
1f363384-d4f9-45f7-a66b-0278b900d15b;MALE
9cd40b2d-db15-4750-bf6c-d5e5b6fbfb7e;MALE
b389dc06-ff07-4bed-b3b4-e35e30d35662;MALE
4e35f3c5-9824-4c78-bd9a-7c48bbbdf656;MALE
9ac8de99-7f5b-47a2-bc19-4cc1a9dd2011;MALE
8b5bed33-81a3-4efe-8ff8-8faf48cd3475;MALE
a87140ff-72b2-42a1-9a6c-baeddee55ccc;MALE
4260d539-ce73-4fb0-a69d-7c0fdc411de2;MALE
94c552f7-dfc4-4e78-bbb7-96075e352555;MALE
46352abd-dae8-4991-946a-0700416704fb;MALE
59217bfc-fa09-4f36-8bbc-28e193a3237d;MALE
31e0abca-2859-4853-9ed9-28ed340d096f;MALE
373d9937-df98-47af-8dff-028f0a9da012;MALE
28d6bfe1-dd08-434d-b4ba-bcfa781db34c;MALE
c2940ce4-f660-4dae-bdc3-c69e35c9e900;MALE
88ff0960-219a-4033-a1f7-4d51fc5aed32;MALE
4a653f42-061d-4358-b58f-9a4b8b3ab589;MALE
abcfbc4a-553a-4ca9-9699-35249d4bb076;MALE
831bd445-5693-4b9b-bc8f-3dc696e00df7;MALE
90292342-fb34-4e33-a4de-8588458dbc45;MALE
6b2a3948-a74b-4380-9da3-8ec804ff456a;MALE
80dd202c-930f-4ae5-a442-f35b16d11772;MALE
2b7eb4c5-4b54-42a1-af29-c1d1be47e66d;MALE
dda963cf-700c-47fc-9165-7a5b54b0e819;MALE
1dbaf2a8-4c88-4b6b-aa13-567438292b0e;MALE
b4d899f9-a5ff-4bfe-a271-f857040df93a;MALE
0d7e66fb-0b88-403f-b709-4acc4815b75e;MALE
633bcd30-d0ef-4ad2-a63d-f4d6af2d161e;MALE
3430999b-ae30-4294-98a0-c34674f41f73;MALE
be12e718-3b53-46a3-89c8-3f1382d513b4;MALE
e6bc613a-90d5-4ce1-97ae-3290ccc7131c;MALE
3f2012b4-9e5a-4e7d-b48e-448e9125b188;MALE
d398cbe5-38cd-40af-b86e-f982363b02d2;MALE
7a49f64b-0a60-4481-bfe0-8f8d3b2eda38;MALE
d586852b-85b5-4dd1-8ec7-d664e30f7cca;MALE
4ec9fdf2-0d94-47f7-9649-0fc8fc9883d7;MALE
5c41e1d6-1f90-48da-b1b5-c3390fe6dbe1;MALE
492b699a-7898-4aba-89e7-2091597fe287;MALE
e33c692f-e784-404a-9df8-0d34727424fd;MALE
cbbda2d5-3677-447a-8634-78d4569f7b5b;MALE
f831e2f5-d87f-4295-bf67-9fd48eb13919;MALE
af6940e6-1373-425c-b4ae-9da75d4832e6;MALE
00cb708d-c416-4eea-9ef1-2f2e94238234;MALE
94e94d40-772f-4362-87e6-d75d3c5ba8c3;MALE
dd8e7efe-7efd-434e-ae90-85edb989d101;MALE
199a2a84-ef68-4673-92d7-c58f48df659f;MALE
b15da854-a709-4c2b-82bc-bf71cabe74ff;MALE
330cbb18-11f8-4f35-99ad-57f245ff5d76;MALE
56756ec6-9494-493f-bf0e-b2f09175fb48;MALE
91bbdf63-51de-4ffe-abef-7f51de2cd3e9;MALE
a557907f-ebc9-4795-9782-fdbbc09d96b7;MALE
66277da3-f85f-47e9-a7ee-11ac4112a2f2;MALE
1d494c73-630c-46bc-8f89-f59a537c2b3e;MALE
256e65a5-8111-4c8c-a48d-a91b7f628b99;MALE
d574fb35-57f0-4213-b907-bbef0351de03;MALE
b00ff34a-94eb-42c5-8a18-2993e9a3a9ca;MALE
eaa861a3-9b72-4a4a-baf0-1c9ad7d58837;MALE
ae58f26e-4845-4bf3-85b7-0ded0cbb1bd0;MALE
7d7f4771-cc38-4bdc-91ba-8d4b17725c08;MALE
479926f9-2483-419f-aca9-3be5102dca5d;MALE
a3086d98-8f59-4313-8717-6e59d5fcf10e;MALE
725258db-865d-4a8f-824a-88ea00dd3608;MALE
ead96346-7059-4510-b40d-626d993c7ed0;MALE
f0216845-2343-4ec9-9d39-c986a594fb25;MALE
9947327d-a3db-42e2-a67e-aa80c09a971a;MALE
a55ef796-697e-41b1-883a-241d0ff393a8;MALE
aa94c74d-11b0-4bb0-a55b-afcbdbdc80e2;MALE
9b49769a-ea44-4e35-9273-da41eb2cc39f;MALE
16f36eec-ddd4-4c6c-a0b3-0f183d7e36c9;MALE
7137c3f0-4995-470a-878b-45973fb333bd;MALE
fe57745e-6ee1-4207-9df0-c70bbf1375bd;MALE
88ace390-288a-4d7a-96a1-f77d589e95b3;MALE
aba4dd4b-61f2-4a4a-aad8-a33ac7672436;MALE
85bc46da-7647-4d08-9bf8-cc2806848704;MALE
2928dc45-554e-4476-a941-f25bf2fefd54;MALE
877e3daa-2e6c-4aa0-bf52-d0caae7ec3c2;MALE
f8d18993-badd-42ec-be08-a200b3bae7cc;MALE
ad00e60e-08e0-4e80-a295-8f49505ccf41;MALE
7aa82f9a-6f99-41d6-b8c4-2cd9b8c1babc;MALE
ebfb9470-cbc2-4137-a516-4f8709767647;MALE
12e7e3ca-92f7-41f7-ab48-c1e736174ebd;MALE
11956694-87b1-4c5b-a1cf-7949d515f810;MALE
a9f0ecb6-1be8-4fa7-959b-137ebd03f976;MALE
ed2a0c5c-d2af-463f-9624-265230e83e39;MALE
91cb4472-e696-4674-9597-309508d93dbb;MALE
06f82c57-2f1f-46e6-b116-bde3d994225b;MALE
cd1cdbe1-c708-4b89-945b-bb69abf7335e;MALE
2e8a4644-f135-43dc-8cab-509e414c31fe;MALE
b45886ac-6aa7-4d4e-8720-1c607f26670d;MALE
61ffa59e-ee8b-44dc-a500-ef53a0744bef;MALE
b050762c-e304-47b8-8830-b685e3f6ff40;MALE
339d3c61-015b-4d74-9582-1e11adbd04fc;MALE
375394b6-cadf-4fbb-a80e-e0d9739ac0aa;MALE
a66e1525-9e32-4c8c-b56c-05c2f1882169;MALE
ee876e1d-75a3-4f2e-81c4-b018ac156585;MALE
63d9c269-094c-4324-87b5-02a5f39525a9;MALE
f77076ba-d778-40a3-b4d4-7efa38bb81b3;MALE
76ea29d0-ada5-4b9e-81d1-14639a329b3f;MALE
5c0cbfc4-8629-44ef-a238-69cdac84089d;MALE
3d95b975-713e-4c45-aa58-d9c6cf2d09c9;MALE
0974d033-c463-4b50-a686-c4ac12534a38;MALE
29093499-fdcb-4799-bde7-9fa717514cb0;MALE
ed748d6a-f6c9-4869-8386-2b9d15cb73a6;MALE
4ac17b4c-8fed-443a-8f77-852b3763ad35;MALE
2f48e26b-80f7-4443-b92e-d1946e5d0029;MALE
25d2d23c-c7cb-4404-bcaf-ab00bdb7fd45;MALE
7cd1c3df-028c-4cee-8cbb-9fee0859920c;MALE
15a6d767-be07-4d62-a359-6d9c2c1955c8;MALE
b9ee47c5-07f3-4440-b780-a846a9458298;MALE
143129fa-9bd4-4d79-a514-17bfecae9adf;MALE
72a36986-0361-4c7c-b34b-a3f84d0e0241;MALE
1c2bae0b-cabb-468c-b205-0ad0fa1cb4b7;MALE
24b02adc-99f5-4bbf-aefc-43ae189a9460;MALE
af50e131-ceef-4df4-aeb6-dfe2a7a427ff;MALE
94e34b9b-2697-4ee7-9f4e-dd66bebafc35;MALE
594ebfd5-f964-415b-9e77-d032e297cfe6;MALE
456d4b77-5dee-4274-884f-6e7bd4a78658;MALE
e7b515ed-7535-4f25-a159-9bae603f2563;MALE
5929e59b-d506-40ef-ba17-d926ff5cfebf;MALE
fe799a41-eb21-4b0e-b45d-bd1534e29034;MALE
8e341557-967a-4dc0-bf0b-eeb00060cd25;MALE
180ec634-a636-43bc-9da2-9a961727e893;MALE
e4cb34c3-505f-410e-9daa-a484007b9a0b;MALE
483e1ff5-5322-4e4b-999b-32c7395d262f;MALE
9e9d5ca6-85ef-4e9a-a47d-def1e5fca3a9;MALE
c98cb2b1-599c-4f92-b656-3e6100f4476e;MALE
e791b5eb-19c6-45e2-a1cb-87a6d4405b74;MALE
507a0dcc-bde5-408e-9a4a-75b296fab8bd;MALE
cbb2a5e5-f0a5-406a-b4d7-eccb9886f790;MALE
6563247b-e61a-4df2-a244-f858ed1ef9fe;MALE
13b53424-dc03-4263-8a93-db69f0346d9f;MALE
99ad7773-f270-4d40-bd5d-20391a3971c3;MALE
129f94b1-387a-4b3d-a6f2-58a4aaa0b9df;MALE
0aca916e-0e84-4bad-bb1c-1f2daf8bc28c;MALE
8d51e36a-f353-40f6-aecc-22f2894a0ad8;MALE
e65c65a7-5fab-40b3-b37f-d598fde6d3f4;MALE
f7e96c98-124a-4113-add1-d660a579860e;MALE
59052b15-443c-4643-90c1-a6790cff94b9;MALE
ccb3376c-39cf-407a-81f4-cca3eb046d1f;MALE
584d8b7e-1407-47ab-a975-d3f00c82bf08;MALE
1ed7ca5e-1fe1-4764-8c42-8c453b645d0d;MALE
936867e6-1bc4-44f0-8f1a-550c0fb8a19d;MALE
6829b70d-4f43-4ae1-bdfa-309a43d736a0;MALE
e1401447-1ade-4fbf-a579-fc2c87a89513;MALE
7adb675a-678e-446e-a8da-6280af86cf6e;MALE
0287294d-439d-4a27-abf4-c2ac163d5ff5;MALE
64debe51-eaf6-48b9-aefd-8546677d162b;MALE
2857bd0d-828a-4032-b630-41e79b1be726;MALE
e3a44439-dd4f-4654-a463-e2a4bee16f20;MALE
0eda78d9-d787-4cac-bc8e-0b2c9ab22c58;MALE
1e55cde6-ebdd-4dcd-94cc-565845ca9a01;MALE
8e14af73-9303-40e0-846b-dae3e263e088;MALE
d1435014-3bd2-4ff2-8ad6-46522248eac6;MALE
8a3866d4-d9d5-4a89-aed0-36e6a3bed704;MALE
d6d5e7a2-75ab-4009-953a-ced3cae5c88d;MALE
ea7d8aca-73a3-4e01-bfc1-5e40511eea4f;MALE
01ea3a61-3716-4497-95ef-4e285f347267;MALE
4375174c-37e6-4e3c-88a6-b4aba37110ee;MALE
1dc92980-9e2c-442f-a450-ca0a325b4447;MALE
2f2e4e60-eb6c-4033-a88b-f46786632bb2;MALE
db3fb71c-cad1-4fe2-801b-78881a50a2ba;MALE
f534ba77-9155-4d85-8b15-51a9cd8c98e4;MALE
bd0efac7-214d-4ac2-8759-438783282103;MALE
bdf63a2a-2c01-4919-992c-851082746ba1;MALE
f7020fcf-5b62-46a2-842e-38f213d6cd59;MALE
bd769ecc-ffeb-4522-bf3c-0e898dc84651;MALE
f4d48606-919d-4766-a38c-70b01b6afab2;MALE
a82710b0-6fb1-4b50-85ce-e160c5cd403f;MALE
299d03ab-6a01-4eb9-96db-e213021cc633;MALE
60d6fd06-e43b-4187-918c-d97e27729d82;MALE
df932984-8b76-4e8a-a3d9-64632b3e7ca2;MALE
1489ff35-cf2f-4d64-b194-5dc1491628a6;MALE
91d07607-3a92-44aa-9068-bfec97522132;MALE
acdc0225-ab73-4360-9833-07fb556ea540;MALE
623ab826-6b75-4d71-b429-12e3f799c1e5;MALE
001d97d8-7685-44e1-aaa3-221e3ef209d3;MALE
9ae5b05f-e3d0-464c-97e2-fda25d1d5732;MALE
6982c7c0-0b86-4a3c-b309-28d195d000c5;MALE
bebf647c-465e-4113-90c5-b9de01c10dee;MALE
d50cf5b9-b6cd-4b0f-9168-5e03feaaf755;MALE
baeb97ce-1e75-4104-986b-2971c2831d34;MALE
7ba6cb98-106f-4d3c-9878-51fd552bbda6;MALE
91e2bfa5-5812-4f46-bcba-e211ed1ea843;MALE
093fe784-4045-482e-9fb8-c6955fbdd19f;MALE
c893fcc5-11ab-421c-9103-fe211386a3bc;MALE
97c4bf43-3f08-448c-aa99-52dfb6e5e623;MALE
e86de1a0-9ce1-4b70-941c-9c9d80dd3b56;MALE
83267f14-a8c6-4813-9c4b-bbe9337a84ec;MALE
2ad00540-fbde-4f1c-aa2c-42bbddc4a457;MALE
ff2b2cc0-56ea-491e-9860-a94f6d5ef9c0;MALE
cc745a26-6e8e-4ccd-a44a-accd5cfcb6cc;MALE
e1b9eed9-e867-4814-a32d-3fa5ce8fdad2;MALE
a11567c7-93b9-49a2-9a9f-a53601b3c161;MALE
6c64d04b-bc1e-4124-9ffc-61fb42821cdc;MALE
d8d47a5c-b9b8-4c25-8a87-71ecaf530ead;MALE
e81a1e0c-7b75-43b4-ad08-6401fbbf5698;MALE
3b7844b1-8bee-41b0-a6d4-cceefa1a4e53;MALE
f30bb015-3f44-451f-b63f-770e2ebe9618;MALE
55442908-1c1c-4e2a-bdf6-afca5e0babca;MALE
1ef5a31d-38bb-4af5-94b8-8745cc7654fd;MALE
5ae44b52-70fd-4e99-af4c-b2a5932de396;MALE
579ee281-2ce8-4836-9c11-a70ce1d210f7;MALE
6e3d38de-6c92-4dee-83e0-9e630fabd627;MALE
148a48c4-278b-4b2e-8d5b-6bff3e15fecc;MALE
345ab7cb-9683-489f-a599-23a8387fa112;MALE
64561269-35db-4fe2-b001-9cdace75aa0d;MALE
cbed7437-4362-4866-b788-eac21d676cc7;MALE
dc20f8d7-0cfe-490e-b5fb-fd02b245575f;MALE
7b6ef8d3-69f3-447c-8c8b-43f1d259dc18;MALE
e0317506-522c-4722-a93e-0cd195ca3bb7;MALE
4646baf0-99c0-4390-a54a-e064baeef029;MALE
98903803-0ba2-42d8-ad59-0519930361f8;MALE
7bfd621e-fa20-4206-a0f3-bf3ff3bbccc1;MALE
19c46ea4-dcd1-4319-86be-5671f9071504;MALE
3c24a4b2-062e-45d2-aee9-82a35f1b9a22;MALE
71cbb079-856d-4a07-8335-3ac82feeb52f;MALE
05e34fe7-1c34-4fba-a71c-de9baaf0d8cd;MALE
cf1fe513-f4bd-4d6b-9fa6-c4dd01278979;MALE
bee532e1-9ca9-4c58-bb47-51943c6c6454;MALE
b82e57ed-e5b4-4d0f-b3ec-44fda9584e46;MALE
3008e54c-e11d-4b48-87b2-676be58e76e2;MALE
7447869b-6294-47ea-bdc5-48249b9799b3;MALE
e5641440-449e-43a5-a75f-ad60db18c383;MALE
94c12db5-e315-4885-a643-db2b3d9945bf;MALE
50a16608-9f5e-4120-aaa7-d8399d9dea7b;MALE
d84b7284-0d8f-4e3c-bc6c-aa7509d92df5;MALE
11d61279-00c2-45d4-a327-1c9d03c0b4d4;MALE
0b01e6f0-eb93-4e3d-b482-553ef6ba1cbf;MALE
d454fd8c-635a-4a2a-94fe-f6fa27413dbc;MALE
7dc26639-043a-4beb-adf3-bcba32ca05fd;MALE
0014e6f6-f42a-4288-a31d-5f68c462e102;MALE
358c1a97-b607-488d-8e89-3ea1cd29bcde;MALE
672bf648-c04f-4682-8fb3-7d5fa88542da;MALE
8916792a-68e2-4781-9e55-6d4a0603d75a;MALE
def7102b-8dea-4847-8402-7232f9ab2906;MALE
34e4c2e1-a493-4780-89ef-8fa50088a0c7;MALE
8e1393ee-113c-4c32-af1b-9c35278d56a2;MALE
de821b78-0ca8-4877-99ca-9cbd2a201567;MALE
d9b4d482-0e88-451c-8ac7-c6153f0f9d22;MALE
16c0dc4d-b149-4a51-b4a1-4383bf78ed18;MALE
96d728d6-a31d-49d4-876f-7b79bdbaaf60;MALE
0e7ef8ca-c3c9-48ae-bbe1-33f66e191dc6;MALE
09fc4784-363a-4a9f-aa31-7783a0f1f1c5;MALE
153a2f37-f7e8-4cb7-8ad2-07523850108c;MALE
e134285b-e0e4-48f0-b6d7-a13ff0b08213;MALE
c87f8364-d837-4207-b0ed-9b99eea7bbe6;MALE
bd290f5e-d959-43f8-be89-e78e69bf6b16;MALE
3d0bdd67-aa35-4686-b697-646fd0a26ea7;MALE
6e0ef158-83fe-4363-9a27-aea288b7a77b;MALE
472e1b81-f873-459e-a2c8-d36e8e5fdb1d;MALE
50b76793-626f-419e-ae54-0498a918df56;MALE
51e2c3a9-b362-4093-ae42-411ee633c0f7;MALE
d553c0d1-cc8d-44d4-ac06-eb2276268f3d;MALE
0b9c5a16-027e-42ba-8d4d-33864669f069;MALE
acbedc91-b20a-4e08-a53e-be8a79d27fd3;MALE
6840ec9f-e743-4d35-889b-77d2f1a2fb03;MALE
9cc20061-53e7-4d2f-8cd6-e50abcce0890;MALE
950a1922-635f-40e1-aa92-bc4778206249;MALE
b5663024-eb22-4152-b1d5-810a617bed1f;MALE
75cf0d74-4e14-4574-a11c-755a86f9082a;MALE
d819579b-72b1-4d47-b583-0220d002a07a;MALE
4b299a9d-9f15-480d-a8c8-6f3e63fd99df;MALE
c450a1a6-957d-48bb-9b29-1083c115633f;MALE
62ae1179-3900-47d2-80d3-137c3a0228f0;MALE
dce34f08-4ef8-4d3a-ad3b-5908f6318436;MALE
4ecb252b-61be-4ea0-9249-067e7a3027d4;MALE
5a652af2-aa9d-4039-9624-1d36a7c3f174;MALE
792622e7-d5bf-499e-9e65-d2bc1f0eb577;MALE
4935963c-1473-4b9e-a9b7-c430bd229f7a;MALE
eb8d506c-fd5e-4069-9372-7351e7faec67;MALE
c7f28299-fb8e-4b97-a2e9-b954ba612c1d;MALE
d21a3036-8378-419a-a411-374f329794ca;MALE
a2e9ce43-b3e2-4472-86e5-10b813ab25fb;MALE
3c99ffe8-42db-4884-a3bd-18086efe9462;MALE
92af0af3-6186-4628-a0eb-e7cab056790f;MALE
5c9f752e-99c1-4c1c-9b9a-641192f9648a;MALE
37a7c43a-8c92-4406-9d17-a282c307443f;MALE
20688c20-8bd7-4b33-a5ed-05d844e6a362;MALE
3a6f409e-2021-44ee-8b2b-d7052021537e;MALE
f4022569-874e-4e8e-97e6-04ad730616d4;MALE
bc5e8c91-9aac-4cd6-8aef-0a77ec2f0ecc;MALE
e48068b1-3c3a-4f12-931d-eb0d1b2c4dc9;MALE
df594134-7fe0-4703-8f82-083cafa86cb9;MALE
9f53fbad-b04b-4600-9ce3-6c7e7bf57d6d;MALE
9bc7fe18-587c-4182-b718-daecf72d5a58;MALE
d45f0269-156c-40eb-917c-8c9645d31952;MALE
e1797a16-774e-4a76-82f8-5de361881f23;MALE
9a5fc0b4-f4c0-4990-b7fe-a0eb06152589;MALE
460b14bc-15df-4f2a-a5bd-70da8b2ad5f0;MALE
6eeb78d0-8c5b-471c-adf1-ccba43b55051;MALE
10958db0-d970-4d5b-b696-f8388835aac7;MALE
fdcc7128-9fbb-4c6a-81b4-d6b8ae4e3043;MALE
ced161a4-1a00-4e86-9510-d52ac49218f7;MALE
0d7e0233-8e1f-41d9-b76b-5fdb9bbce5db;MALE
8ecd51a6-e6a3-47eb-b448-c4cf0080f47b;MALE
f8947f41-fdff-46dd-931e-439530a47264;MALE
97e830ba-b62f-4fe5-9f3e-4d2b6009be15;MALE
1e472750-ae62-4f32-af9b-df0801fc065d;MALE
79969b07-8aef-42e1-af64-829dfaaf0c15;MALE
a598e730-2fa2-41e8-b049-25ff3b3956b5;MALE
3558e314-d3d3-49c4-b202-ab0d884e2358;MALE
c7c8f9a5-1ba4-411b-a759-50e4a7a92aac;MALE
54f1d238-05b0-472f-9cf6-b647fecd55ab;MALE
3be6c30b-5bfc-4ab3-b235-c436b96abba8;MALE
d392d49d-3516-4c33-98cb-6abd308e2e5e;MALE
eb23d53b-e611-4907-84df-436dd3331562;MALE
88264001-dd2c-4635-a5bb-1aa912419afb;MALE
e1904e83-7dba-44f6-8eff-cb1172f73c19;MALE
b5fe9f22-8909-4c97-94e3-d7eb40fff34b;MALE
a24f0bca-1fd0-41ab-a405-96b4cb6031ef;MALE
39ec5796-34bb-4855-a656-a079296b0c3e;MALE
382fdbfb-f6fe-4bd9-b5a0-4f4f650cd259;MALE
dc85539c-1194-4412-9d80-1419c8ea1275;MALE
1d4c0dd1-1b2a-4fa0-a81f-55a6fec1a210;MALE
0e61139b-4101-40ce-af66-97a3dc2b699c;MALE
773f2860-8fd5-4bc8-9e5b-111429d9ee1e;MALE
a4bb3b88-458f-466b-abfd-a6813a06f824;MALE
1db6f262-ae40-4bbf-bd43-445ec39d7f63;MALE
dcf4c22d-60a7-45d5-882b-1715aa681b53;MALE
2c093660-365d-41fe-a436-1971289b70de;MALE
472f1a09-33a3-44b3-a635-99b961dd783c;MALE
b4137c50-e753-41a3-96e9-76bf9c07de45;MALE
228eb7b3-6c68-4028-9d8f-e7a9c0f9f50c;MALE
f09f6de0-6422-42a2-b864-8d1d31bbac27;MALE
a739f5fd-0c27-4845-bbdb-55f700758c9f;MALE
e02e24eb-f269-4dee-beb8-cd45ba071f66;MALE
1a429962-9517-4b85-a8ff-cff2dfc4d81d;MALE
21b2a616-4063-48f3-b91d-ab39067deecf;MALE
96a352ad-25c4-495e-8d0d-78145b995cf1;MALE
d021b8ca-99b5-455e-9540-a88b04933513;MALE
360d23c6-67c5-406c-99bc-fef0fa995f73;MALE
9aecad14-32aa-474a-b582-2755b58cc8dd;MALE
4c75d0be-ed77-4820-8004-965e3e47e2bc;MALE
233e115a-0632-4b59-b968-916b69ee94c7;MALE
84a24976-be7d-4ee8-a50d-8fe523898d18;MALE
f5147db6-0903-4175-a4cc-ceb627000c4d;MALE
e8654eea-20c6-45ac-af03-6214fa691eb6;MALE
acfddda4-54db-43ac-91fa-d5ad2bf766ef;MALE
c348c501-0268-4a8d-8867-815b879147ce;MALE
9fb81176-d06b-4d76-ade2-f8bef8c50d9d;MALE
7ff4f4f0-4282-4ddb-8728-2fbeec326e8d;MALE
67ff81cd-ad17-4bd1-b261-9feb99d49930;MALE
fea07e31-6ee6-4de9-ac29-eab1fe66e75b;MALE
366f10d3-ddf4-42b6-9df9-703e76a4a28d;MALE
0818fb23-5291-40cb-b518-77f57023d7cd;MALE
9f317390-4d32-4f2f-8363-743a28421b76;MALE
952ece75-a751-44ae-b067-83d727909b86;MALE
40aa1cb7-a53e-4d48-9b96-8db88c09d631;MALE
2690caac-cdd4-42c5-b868-acff6422ccf7;MALE
5b2da2c3-bb2b-489a-b68a-9204446eb5f5;MALE
c552c522-675c-43dd-8c3e-9520ddd0dfa9;MALE
574fea78-67a1-471b-8b0b-09cb88fc794f;MALE
8d294916-6183-4578-b02f-456fb1a4821b;MALE
255b27d2-dd80-498e-bb5c-13d2bd0c16b3;MALE
fa823080-e9db-4434-85c3-ffd7123a662a;MALE
feebc390-d84f-4be9-82c5-d85c9885a9d7;MALE
a429b42e-1a31-4984-b250-c6e12b550b41;MALE
fec5f125-d9f1-43c1-bdcc-51c121a15797;MALE
46612f9c-196e-43fb-8996-9642bf327ca9;MALE
50255d75-0469-471a-93e4-bf9de2203d7e;MALE
241eb9b1-6ce9-4c0e-9df7-3ac17eef023a;MALE
5bd4e2be-7d24-44e5-9345-1be208844382;MALE
3e661b21-1661-4c34-b2f3-511a45c5fdaf;MALE
001ec42c-174f-4bf9-9ec9-a35d507beeb4;MALE
00221509-7198-496a-b4a9-932d5ac862fd;MALE
d3c3ddfc-8d69-4a06-bc93-176465e07edb;MALE
a7cde9c8-7b4b-491d-8394-988a213e18f3;MALE
b03dc65d-1b52-4e67-bae1-d3b606338998;MALE
37134031-34c9-4430-a176-017c86e11c7a;MALE
8190cac3-ff41-4ead-bb77-3d1ef8cfaa71;MALE
01d38902-b2f3-4e6a-a257-bcaa4c214b46;MALE
ae01dcac-deb6-45b6-a05c-b88b603aeb9f;MALE
be1750ad-2e38-452c-97ce-4ca159b9deed;MALE
3c9a8f6a-37d0-4baf-bd57-d4de0fd24b75;MALE
2a543765-d552-494c-afbc-c81cdd5ec158;MALE
276d56fb-eaef-4cf6-9026-460ee7386c51;MALE
fc0e198f-8fb3-45a7-bfb2-e527b61e37ad;MALE
0fd1f474-7469-44b3-8c69-c1d9e9935d95;MALE
e5bdfdf4-db5d-41b2-9b06-4cbd21d38fc9;MALE
431ac449-e141-41bf-8a36-efd99a45e27c;MALE
6feb144e-efba-449e-abdb-2aa9c7a494f7;MALE
4e1980f2-3548-46b5-8c70-a0c74225a17a;MALE
89a00706-8cf3-48b0-bc58-78e70d7e04bf;MALE
1cd03880-5069-4c25-950a-3e7d6ed9cb5d;MALE
b0c89fd1-72ec-4c7e-ac7e-4c2a8821d732;MALE
c6cc3a35-8fd3-47f1-acc3-11fb2baa470d;MALE
7856aece-0dca-44cc-ad51-f4f46f14016b;MALE
32828ade-ae79-4559-b60e-5a79f516702e;MALE
2ede1999-8f13-41d6-8caf-1870b46da2e2;MALE
ec6f2c91-7282-43c2-bf85-ca5052fea76e;MALE
d104dd9d-9357-40f7-b805-5674b01754ef;MALE
c7aea5dd-8bd8-4300-9c25-edc1c1485197;MALE
f3159e4b-7a4a-4cf1-b768-5ba11bb1a128;MALE
cd6dd130-4104-494b-b5bf-a7ca4e9ce734;MALE
e92455a6-a5c6-4e42-a916-9111d7f56524;MALE
f57b3c34-6c59-4842-bbe9-6954392eaa79;MALE
a27e18b1-7c37-452b-b2c4-d8fadd41698b;MALE
ff7adf5f-b07e-4b06-a486-4eb613451c2c;MALE
fc3adcd8-6b68-44ab-b992-464d62e48532;MALE
8889f6fd-ea2b-4367-9af1-c41ef91c8d4b;MALE
487debfc-cb63-41f3-940f-b620013f5b55;MALE
19d9d286-04e5-41b1-b2b9-8e1d6c111621;MALE
ff6afbeb-36bc-491b-8203-0d068f6eddc7;MALE
ee702ef1-1373-4a88-89c6-3dc0af9c9b8a;MALE
a4e960cd-c7fa-409c-9025-7b87571ae6cf;MALE
89188bce-bd9a-4e12-80df-57e34ef9585d;MALE
ea3ae40d-cd3e-450a-a1c6-205c6e0c7e72;MALE
ce60e076-4cf0-4a37-b773-183f715b2655;MALE
5dfd61b2-8d6a-4e38-beab-68273534d176;MALE
740623d2-0b3c-430b-b90b-c29b333ac3e8;MALE
a4eb3399-9f13-45af-85c8-0950d52087bc;MALE
4b3f67e4-29f0-4e2d-87d0-412b11a0be78;MALE
ceec9bbb-70e2-44d5-bcef-5a3509eb9848;MALE
2ae883d4-31a2-4133-912b-796d8f050719;MALE
6eb17f92-0d40-41ad-9ce4-00c1593f7a00;MALE
dea3669d-bdf1-40c6-86bb-ab68172df16b;MALE
c50cf17e-492f-41c3-8b05-820b987f27a1;MALE
e6a9235e-b133-4647-8355-354eca7f7de8;MALE
78985893-11ab-4914-8303-40c8b472048f;MALE
9e799cb7-10ae-4e10-8f46-cc3ae155860c;MALE
10d919ba-06a9-4bf0-ac2b-f857d0321c53;MALE
7a6f83e4-49dc-4ebf-9774-c20098d2b4e0;MALE
e9255840-815a-4a4a-8adb-690479d57d38;MALE
9c80ef53-9742-4c99-8312-9a2cc1aa7f36;MALE
e4dfe2f3-0989-40db-8b10-2f0a5c1ad1a4;MALE
38067837-3bd1-447c-a64d-42d55178ff06;MALE
2955848a-af05-4559-b2ce-009d90155e95;MALE
80b2d8c9-69b0-44c8-917e-46fabeb354c7;MALE
7009123c-c0aa-4c64-a19e-e7a40ee748f4;MALE
0ab456aa-5618-4171-a4b8-dc62ba1bb742;MALE
9138c9a6-ced0-4c74-8f5c-e24629910f81;MALE
f94e6c91-ba43-4060-aa4e-ae86eaaa58f8;MALE
443b8a9f-e86c-4888-8fb0-c1716f08188e;MALE
b39cddf7-d0ff-4d82-af4c-3164d6d04bb8;MALE
ee41c0e1-50f0-401a-8a65-3f2b17fd3197;MALE
30a3841a-fa84-4dcd-8f22-2968b445ccdf;MALE
bc1754c4-d9f2-4926-9017-8ab9934ab0d7;MALE
7e6b38cd-b122-4a21-b67d-0c5ecef75413;MALE
9b3b87aa-cd41-4739-aab8-35ae2a56c1f1;MALE
fe20809e-64ab-4c0c-a5a6-c03cfcbbdacf;MALE
93c485f3-9b53-4762-bde4-36e274905456;MALE
de844a20-72d8-4e84-83f8-7213cb441b44;MALE
9b855d5f-12ca-443a-8235-e6f0699636bb;MALE
9656a976-8347-4bb0-805f-f0470168979f;MALE
b0d34711-9028-4f8a-81ee-ad4ca0deeb5b;MALE
8325c21c-878f-4261-8445-5b32c4dc3436;MALE
296c55f1-1962-46ce-a8b5-672d84a1ec95;MALE
2d4c24b7-b2a1-4d89-a699-98d2b17b7ebd;MALE
9fdc800b-a4fa-46c6-95cd-64393e33a1d2;MALE
97444456-80a4-44b2-baf7-4787a4ddf2f3;MALE
05bac4fa-9352-43f2-b03d-44cbb6d9c16d;MALE
b0b61bbd-bb6d-4880-ad5f-2f4372a7c714;MALE
9933f25e-4f0c-4d4e-a267-3735404a8bbd;MALE
689c8476-644d-4777-b197-2d9225a5a9bb;MALE
1b0b6b3b-92d1-4e45-af5f-ac27a004dde2;MALE
e91a23d0-881a-4746-9e5a-e399e33c9b51;MALE
ec05c3e8-bcc1-48ab-a2b2-5128157d84d1;MALE
b399597e-a98b-48ab-9c13-b63499e881e5;MALE
9218cb88-f684-47ee-861c-077a8a297677;MALE
bb068a8e-a524-47fc-a9a7-2488a495096d;MALE
3b035702-02b8-455a-a156-2b5156bfd68f;MALE
e4e94bc4-0906-4640-8b9c-d0f30c988eb3;MALE
1ea44d59-bd91-43ae-ba42-93cd630c88d7;MALE
d10541e6-e2aa-46a5-ae9f-20d12e010889;MALE
0437f067-a97b-456c-86f8-433e6c780a02;MALE
14008798-64d8-4cb9-a8e7-503a82550c9b;MALE
205ebb58-2f72-4279-8cf2-01a51d62584e;MALE
78bc5510-5c95-49eb-8aca-77ec6f0c88c4;MALE
267c8ddb-f438-492c-a0df-ccaff3e6ffac;MALE
af59ca20-dc9b-4b59-9e55-b979218029c8;MALE
41571297-3258-4304-b88a-654afc072178;MALE
45c8f3e6-a3d0-4935-8be4-187a07b9c3ba;MALE
b094776a-320d-4438-82b0-23a0b505ea20;MALE
6f754396-dd97-4da5-8e5c-55c9f5a1c12e;MALE
2d13d19f-5df1-46ec-934b-43ac25a5cd34;MALE
6e93c52e-0003-49c5-8a6f-726d764d4841;MALE
dc2b3504-04eb-45a9-8c66-0f1c870a1b1f;MALE
503aa995-1aef-4397-a368-88aad3649099;MALE
b0c073fb-1433-4351-a791-ebba68b142f0;MALE
f48843c9-db2d-422c-8fd2-7981384cfa16;MALE
ada58842-ffec-436a-a0f7-a5556dce8fd1;MALE
0cd43070-9073-40a1-8e16-d35fac6b6987;MALE
e248f01b-5204-451d-8593-cbb35c3b78fb;MALE
97325028-3c08-408a-a6c6-4f0d02292354;MALE
013cfa29-c0dc-4e3b-a313-b1dfb368e992;MALE
373ef04e-e180-4aa1-9c8d-92a27929854b;MALE
62ed4ce7-07c1-4d0d-ac29-54b62b552833;MALE
13347f95-ddf9-4c25-8dfb-079bccb48a6b;MALE
8526f0fe-bc9f-4deb-b04b-51051efb79cf;MALE
cb4445a9-3468-4080-bd21-6d40a0bc6c27;MALE
dafdca44-259f-4973-8070-7aa71af6a343;MALE
f7629c69-cf23-4c60-8bd6-9a6c0a3c6527;MALE
78fe4f61-ba13-4c96-b4a6-ec1f05eb20ee;MALE
d52c512e-eab5-4e8d-91e0-d69edb70edd8;MALE
f7f6abc4-e453-494e-890b-ef3f5b5a09ef;MALE
a63efd13-cbdc-486b-8759-1cd184c48879;MALE
a73845af-fc18-4c5d-8dbe-f288fe083a68;MALE
b965d27d-6b40-455a-95de-4fb9c378168e;MALE
9fdbeeae-a660-4c64-8fb4-ea30cadcc63c;MALE
8e27c1a2-8ef9-42f6-859f-913ee9bf6e0f;MALE
ce91231d-2606-4ed6-b1c1-87e6ed9bfc3e;MALE
3372216b-189d-4bbb-b300-86f75a5c54d9;MALE
66be6a35-c8d5-410f-90ea-d1752ba0fe47;MALE
959f94d5-e778-4c62-a669-a2994f48e745;MALE
219bcd57-9cf6-4136-8313-a6ae1d2d39c5;MALE
9f26c823-06bc-4129-81d6-b19a778a1fd2;MALE
3faf9629-adf0-4220-9f1d-c0c71da8e02e;MALE
2949c42a-cb33-4275-81e9-2621f5f2d76a;MALE
9c0a5a51-7176-4f29-ae9a-0844ded5ec69;MALE
8f0276d0-a229-4ea3-97c8-37f7b40213aa;MALE
cd48194a-7a5a-49ec-9d17-976d1fa6ef59;MALE
323fb2df-2254-4fe9-8a06-f69312669378;MALE
2151d6ad-8f91-4068-baf6-540fff28cbca;MALE
a60361cd-9a72-4899-9d75-480cd35e409c;MALE
d1db4d56-745b-41dd-a562-7569973a09f6;MALE
07c4952e-0e1e-4972-b47c-0f2dc436383e;MALE
bc09939e-7b2a-4e0a-9ad2-7278d38660d9;MALE
2344a19b-e297-459a-9b31-2c62ece214bc;MALE
6c9e66df-80f7-49f3-925f-6770a4248c5a;MALE
929e44ce-689f-4e00-a4a7-df0ff71196e8;MALE
bc96d984-b249-4990-8607-4c7719d09e59;MALE
dded6790-e720-4d0b-997b-b5aa9a4af5b0;MALE
d9522f81-a0f7-437e-be9a-e04181c2c2d4;MALE
85ecf802-a4d9-480f-93e7-08dfbd7a4796;MALE
2c7794a1-40d5-44d0-bf55-50b71b42cbbe;MALE
228f3bfa-6fab-42ee-b302-a4576c84ac88;MALE
e5102343-3355-46d2-9f49-2f917455bb76;MALE
91fb3461-cd93-4ea9-9754-973cd8e79141;MALE
3a239804-1279-4bdc-bfd9-b467071aca15;MALE
527544dd-ea72-43c0-8c22-602eac765583;MALE
2b6e8fc8-c0cd-428f-b426-38302081f09e;MALE
50efd992-db8a-459f-9500-c2c3c02f0694;MALE
e0d29918-c189-4874-8dc0-09a11001c269;MALE
c65a7f90-cfd0-42da-a900-7d9278fa43cf;MALE
b65abe12-6c2a-41fe-a77b-50581b659b86;MALE
3265ccce-29f3-4235-86c7-89dea9ef3644;MALE
dedec3ad-c814-4a6e-87ce-a174bed0b747;MALE
e4e7f897-0f89-4bd5-9dd7-8d4aeef1763a;MALE
dd9ca2ef-cab0-4bd3-9cc9-5125603e19c7;MALE
e3e5c2d7-46ee-4b4f-ba57-f27062e7e565;MALE
66905dce-6d9f-43a9-8212-0e3de8b8c962;MALE
b2783b1f-80da-46c4-8c12-475beff21fac;MALE
de0ef62d-4bd8-42bd-87a7-85ddba5d2702;MALE
c886b726-c6e1-414c-ab5d-6470a1d2b802;MALE
edf54628-9a49-4b66-a6f5-ebb68f8c1725;MALE
2b666108-913e-4daf-abbb-ae7dcbd4380d;MALE
7a2a2d8a-058e-43d2-84a3-bb1075dafa9c;MALE
41c36fed-8ab1-46a2-adfd-cdfd1a1d75f3;MALE
426efce5-f23a-4587-8987-f9ffb25ff688;MALE
254e3d45-17e9-4680-91ae-eff9705c9d98;MALE
e849e949-76fb-4075-950b-7796dbd57777;MALE
73708bf0-1926-4049-bdbc-6cdd89cb820f;MALE
9d630cc2-e4a8-4f5b-8c7a-d24914967ace;MALE
6ec1efd8-32cd-4a1a-b5b5-d512de420718;MALE
e450d42c-2c11-4af5-8172-4d1702aaa278;MALE
26dd98ef-ae56-4116-be18-de9c21563fd3;MALE
73ae438d-33b8-43dc-99a2-48b70f71f0b3;MALE
fbd94f44-6025-4a1f-bd98-73a96af8a95f;MALE
42c69403-23ff-411d-9043-2786a77b92a9;MALE
92ba13e0-836b-4d9e-b829-006411368c38;MALE
6fd79804-1303-4674-ad04-ebf5c49d78c5;MALE
e1b2779f-99d8-4e28-b3a6-22cdda579d75;MALE
789eef40-e287-4e86-adc3-04da4640dd95;MALE
c5c10fe8-e833-4aac-971c-7e329357a070;MALE
25fbf3e0-fa94-4e07-b14a-4e1a88056a95;MALE
b4512104-8326-418b-ab36-2bfd991f2ffd;MALE
b029381b-1967-4723-b03a-da5a50bd66cc;MALE
b4cb8f22-15d0-4460-b033-5e4e63aadd4b;MALE
2ab65ba4-3d0c-4244-8fa7-54d033c3df62;MALE
fe31b8ca-9758-45f7-96ff-b7027b3091c6;MALE
633e63bf-bf1f-47b1-b9b6-1a5734415256;MALE
5e509d65-aa2b-49bd-8b0a-c037e4d190c4;MALE
8ec16e56-2b73-4e1d-8013-b24dfc74d716;MALE
e4306b15-8a8f-416e-b451-9edbc4748012;MALE
e6a332ed-8087-4a9b-9a92-8a147d680740;MALE
32967322-8bb5-4a3a-a2af-1e7f2e157c31;MALE
ac99816a-0794-4bab-862b-5db6b4f7a490;MALE
bfb38f03-274a-48c3-8c3b-6033b36cad9d;MALE
cd5f1ad1-d934-4c68-8cad-d5a6297ae2a7;MALE
93cc570c-43c6-4499-9288-88eea4905ca5;MALE
78544d0d-2fbb-408c-8165-13ae2dc15306;MALE
6c6408ad-f53c-4132-b14e-81323190bb27;MALE
bed36988-7cdb-4717-a227-4541a35d2174;MALE
0caaa4bb-ce98-45b6-b641-5df608c4d400;MALE
75c95766-6af3-4686-9f87-55ab07898bdf;MALE
4f44ea82-3c82-4cc1-850e-da90d1c92b4e;MALE
6d912577-4bb7-4175-b048-223399dfa76c;MALE
233425df-18d3-4f8e-a9ba-d33fbd576242;MALE
1e5a0f65-61cd-4057-a231-1a4e681c27d4;MALE
16aa95a3-f981-4d10-971c-fd30553a4c0e;MALE
4bf14984-2c7d-4330-95aa-c6089a5569e2;MALE
13c0a219-635e-455f-8c97-1b81dfa5b92f;MALE
4c10a1a6-e5ce-4e10-b32a-5a32aafaf341;MALE
5b72b048-3a1e-47d7-b62a-64cb11d808f9;MALE
9523e509-7d8a-40b2-ac69-e4babe8c49b0;MALE
8f1b725d-72af-4d8d-bd28-ac013560dbdc;MALE
02a5b0c8-01d0-48a7-abd1-b55d12534e85;MALE
fad1eb88-8b80-4034-83b9-24162061b3b6;MALE
c9602032-aeb1-481f-aa14-0e21e9863a55;MALE
836b73e7-81c4-4589-b0e8-3fd24d8b56b8;MALE
8983f2af-6e58-43bf-b175-8edca9cdca36;MALE
c3fa847b-62a6-48c3-86b0-6f9fe550f750;MALE
9e350214-b104-4397-9188-e5b671f54f09;MALE
c73ea428-fd1f-4055-a478-91c11e503ef8;MALE
424dae70-8324-4728-a4a7-0a2104213b29;MALE
6b9d1d40-691e-47e0-b3c0-947c990e1566;MALE
6c803e29-a0f8-430e-a6a5-98faa556fd92;MALE
f36a4074-7872-450d-ac2b-2d15e8b377d8;MALE
25644d2e-54ec-4575-82d0-7dd3c8daf515;MALE
461d69ec-e0f0-4bd1-919a-1f795faf9f2d;MALE
f70ca50b-b4ad-413d-94e5-41f4bb90d9d9;MALE
4e226247-c87c-434b-93e5-71e3244e69ac;MALE
fc8fa513-82da-49ab-baf1-504e2212ba28;MALE
96d80093-45b7-4a76-a5e3-6cc41b9e118c;MALE
e1b6904b-a44f-4882-89a2-8a566dcae1b2;MALE
2172594b-5f29-4c92-b9b8-34b9a7e229a0;MALE
5ce8d189-5550-4d2f-92bf-fc6a54857182;MALE
9ead648a-df88-4c22-aecb-7569c9380e13;MALE
24f6aa3e-d60a-47e0-88af-b46a374e7077;MALE
e013442f-4d56-4b89-b1c1-3e672dcdd684;MALE
f182b433-7108-4bd9-977b-5b80639f5fe8;MALE
cba02594-d022-46e6-96a0-173ea87ebcaf;MALE
1e282a98-eac0-4ad7-9a0a-57b2002fd50e;MALE
b548e297-9c18-42ab-bdaf-e3a9731ff2da;MALE
3c603566-6358-4b72-b96c-0756b27ccfd7;MALE
c73430b4-3ac5-410e-81f4-7fa3198e15ff;MALE
43e802c0-6c40-44aa-8f3c-53f9479084c8;MALE
ace7ca98-4ec1-4e8c-91c2-07b1d8aeb6de;MALE
2b0020bd-2ba3-4429-ab7e-03a18294729a;MALE
9ff38fde-af6e-4407-a9b1-7c6b4994ac17;MALE
94772dfa-8039-4d14-bf50-e2a84a2bafab;MALE
cea3e2eb-e555-432d-af83-0b5009a73ecd;MALE
94a0baaf-3ce5-422f-96e9-ef61a0d0c589;MALE
b1857356-4e19-4749-a9ae-70772091453c;MALE
20ef86b1-a7a2-46e3-ab74-3e3ad7d03ffe;MALE
8d6215de-8168-440d-ad60-9fcb0f74f755;MALE
7ab71268-0235-4c79-8375-f30c150aa81b;MALE
cf03914e-510d-4663-9aaf-a0185a62ee6f;MALE
53d12ef6-6e2b-479e-85e0-079120d8a4df;MALE
a7bba709-9d79-4abe-bd4c-b16e4f9eeb3d;MALE
4d391955-3d5f-42b9-92cf-da29d8834c46;MALE
36300dea-90b6-45c4-ada0-c48e0c7081f8;MALE
0777b9b5-25ca-4318-990f-56aeff82e740;MALE
b7bb5b36-6a7d-47bb-a787-dd04e4af0214;MALE
6aef4377-01a1-4962-bb9c-e3ff346a2754;MALE
067dfab7-79f4-4024-9f71-f2a2e9497e63;MALE
6a2a1a58-5072-4eb2-b21b-930f8f88fc2f;MALE
afde0ab7-90d6-4ef4-8b2d-f5770e82a2e6;MALE
5732c29f-bc01-495a-afdd-2e6cd9335cfc;MALE
cc9beb12-9bb5-4698-8625-86796d27c669;MALE
4e2e9523-ba6d-4414-aefb-30349ac167d4;MALE
c22dd0e1-e9b4-4710-a262-4ebb167687fc;MALE
2638a777-4a0b-4f5e-8285-e394b64bc440;MALE
2d71c369-e620-402e-b990-ae9f712b9e2d;MALE
599e301a-0ef2-4d76-870b-c9d54834e4e9;MALE
3cd195f4-dec5-4de9-8cd4-02be4c508651;MALE
6b6dfd2e-db84-4db2-89c5-1f6f85d689c4;MALE
698d791e-e202-4256-a454-6a953fbc2eae;MALE
b0884472-097d-4d31-b719-2f082494677d;MALE
e8d34ec6-40ec-47fa-a3f5-1ae6331eb5fa;MALE
94832c6a-426a-4b92-9ce6-81532248fdc2;MALE
236b59e3-3550-4960-ba0b-f69c5f82addf;MALE
7aaab2e6-3fd4-4b88-ae54-b5597085056a;MALE
6e56e46c-0c1b-4a7f-b568-f5241cbfdcb3;MALE
f3f88eef-1d4a-4152-9ead-bf23b2608dee;MALE
9ea73e73-6897-42b6-a938-520ba881f2ab;MALE
6839d6ca-aa4d-4fa6-bf50-a4aef01c97bc;MALE
b36dc16a-4bbf-4355-ba01-25b0e0aa1ca5;MALE
e6af3b01-8f0b-40b6-8f16-eed314aab357;MALE
54511b21-f4c4-4e4a-98b6-6ab843ee87a2;MALE
3a114e06-11ea-454f-82e3-7977c54b9fa5;MALE
3008d5d8-0328-4b3f-927a-5390c3adae08;MALE
6f6a4f7a-4619-4464-9cc3-ed23b841f4f4;MALE
0787184d-b97d-4f90-a313-ac305d7aa72f;MALE
9785decb-0b16-4fef-8776-970a12149663;MALE
7b357db3-abb7-4cfb-84c1-c34efd34fc96;MALE
7f5e52ff-03bc-4b61-8a70-9d1ea6e06a52;MALE
b6b3587f-8f23-4597-9c4f-ccf5d423895c;MALE
f01b7765-b8ff-4d02-a0de-368a0268b1b8;MALE
f18ca7c2-055a-44ee-86a5-b4ebc0196c23;MALE
e2115955-c1c0-4ed4-b02c-7fc58bce7139;MALE
175ec65b-72ad-4a61-a13e-4547c52282d4;MALE
9611867f-db1d-4f2a-83ff-5568c7390ed3;MALE
f5e8e6a2-b8fc-4a69-a3be-0dae14e66421;MALE
17b66b57-4af5-49b5-8cd3-0cf3e481f7a4;MALE
1bf1d49c-2b02-45ca-add5-cb9aac9fd67a;MALE
5f71d7dc-e203-47a6-ac2c-2899d7d6e849;MALE
c4b7df30-06e2-4075-bd7b-b97b0a59a6e4;MALE
cb5e2357-30eb-4a95-8b7f-0494cf1f90b4;MALE
f679032e-b780-4351-af15-c60249fbe4b6;MALE
d5dc898f-b5f4-48a3-9f2c-e93510d2298c;MALE
f07f9498-9a21-44be-b88a-a6360af4fabc;MALE
ad298b09-6c63-40d3-9433-fedface1e676;MALE
cc22fd37-513c-47cc-a230-c9d213b88a68;MALE
0a46355b-7f27-4ee0-99a1-7467ec89d047;MALE
1de9ce85-26f6-446e-a016-0b50c92a06ae;MALE
a373c360-3c00-42c6-a0cb-1224c8cbeb07;MALE
6641ac59-fbe0-4601-805e-14d63d6f58a7;MALE
8aff40e6-eb51-47b3-aade-f289effc34bd;MALE
ccdf4fec-ea39-4bc2-93b1-d5057d8fa120;MALE
af48bb04-519f-443c-a439-6469d2eb5a6d;MALE
fe8fbb01-28e1-42f2-a69f-88653a2a9bea;MALE
a730068e-7e6d-48ea-b827-ed8e38cb1df0;MALE
ab36109c-813f-44cc-b59b-d70163630c2b;MALE
707ab1e3-1ceb-4118-9268-59c0ed507a4d;MALE
6f8197cf-877d-4883-a575-28a5f2dff8c8;MALE
e5718fa4-f76f-4e19-b2c8-00ac1b008d7c;MALE
db4ff7b0-62f9-4c51-b824-7b21d100bbab;MALE
ee74239d-4eb5-44d4-bcee-c476844b8fed;MALE
60942531-f4c6-4e4d-9816-44dd8a1cadeb;MALE
7c4bae93-7cc0-40c1-973d-384ffe0ddf1c;MALE
61ea5ab6-234f-4541-8a6e-b85ae5250b5d;MALE
07312b0c-257b-4361-9adb-6aedd271ae7c;MALE
5f74c875-be51-4664-8cf2-c5951ea94167;MALE
ea35c514-fddf-4677-9eff-2a7408609565;MALE
66ef9fa3-cae0-4b6d-aaf1-8aef520fb352;MALE
185d2dae-2d0b-4101-bbfb-6b3d54de6c79;MALE
b614847b-23f0-453b-aeff-8cb8f06fae51;MALE
6c32dc38-030d-4bef-b766-e5c975561e6c;MALE
0506d135-58c5-4acf-be3d-f770bd43cb07;MALE
7e5ec368-695d-4861-833c-d8d55aa3d8dd;MALE
1d695fea-4cd8-43c6-b634-a276bfbb4d31;MALE
0e52cd08-e295-4010-89ef-18a0a04185cf;MALE
57ae8015-d722-46b0-8481-4c0ec9c84cca;MALE
df51ea53-2755-49a2-8845-a66d13b3973e;MALE
a40fe547-a50e-4f4e-b0d3-6c37c19fa514;MALE
3d3a5322-0b83-4f46-86ee-23841c22a900;MALE
324c922f-6808-48e9-bfa8-70abf7154a58;MALE
106de310-6b10-4f5a-bea8-6baf3d3eeebd;MALE
14377857-8bec-459a-8813-201799684a87;MALE
ad9eb098-827d-48d6-8835-d6136d9f1129;MALE
d23a995c-86ed-4496-b233-2d55a2fc5969;MALE
0a2a5d5e-f244-4262-8c45-81cce2ebecb3;MALE
cef623a9-5bc3-4f62-937a-237db28a41e5;MALE
07214e7f-9c68-4fba-894f-cb15ab8b70b1;MALE
cf55f468-a36a-45d1-b9b1-958da3248d9b;MALE
f66bba51-64e6-4c2e-88c8-9377cd251ce1;MALE
9767d676-28a8-4987-ac17-50ef7fb57bbd;MALE
64a33356-c771-4b27-9d02-c92975b975bb;MALE
9f9f7423-2876-476a-abab-61a0a9c4a0de;MALE
7d34081c-0f03-4cb0-83a2-59b4fda9b244;MALE
c0f292fc-298f-44e0-b91a-64f1c34a40d2;MALE
70a9f975-6a8d-458c-b7bb-62fd7c759891;MALE
72f6022c-bc48-4662-800a-70c3c7ea1e82;MALE
ff764a8a-e640-4eef-82f8-beec31b49584;MALE
5f087767-842e-42ba-91a4-ac81a3efca2f;MALE
8fc54c2e-488d-4e8e-9715-0eb40d0abb5f;MALE
f9f12cf5-1e2b-4750-b50d-433f1c994f8c;MALE
dd3bb937-bd20-46f7-b373-74341bfa0749;MALE
e44728b5-26cc-4b93-a35a-044613d58a8c;MALE
f171edc0-49e4-4584-b06b-4563341228ca;MALE
bc2ff79c-04d1-491c-9709-8f343c7932b5;MALE
5b435a33-37ca-465d-9365-c5ad7f1b14cf;MALE
9aad4b51-607a-4f38-ac8f-5cad9020cd42;MALE
f5bd926b-4a59-4db2-9342-2a619aac85fe;MALE
85515a7a-1a7f-42a5-899b-30213a2c4e91;MALE
47116aba-3c4f-4330-8487-4bb32bc74e16;MALE
c703407f-2498-479f-81ce-158372fb3ef7;MALE
b51ad22b-e794-4827-a3d9-db39fc11a157;MALE
9bf9d140-6048-43a2-81b8-84302069c3b8;MALE
89f57e88-c90f-441d-8b70-7195d7f1d0ec;MALE
d3840dcc-4022-4766-bdc1-a01a3838d0c0;MALE
8086d1c8-4b64-495f-bc5d-9775c03f97a2;MALE
b3760515-365e-4b81-b6d0-f25d9e322443;MALE
aa7aa275-d56d-43d3-9071-2968b1e5e9e2;MALE
fac55a99-a978-4d0b-b786-050c410c57ab;MALE
319e11aa-4762-4f6b-9f35-57c0ba27d007;MALE
0fc68c03-5ccf-411c-8430-aea501188390;MALE
286cf254-d499-4bd1-97bd-59c8b6b36a20;MALE
9c68850e-cfb3-4c9f-86f1-4abbb5161ce8;MALE
c3ab437b-e498-4954-8cd2-7545c7bd3d87;MALE
9dd16b78-7b8f-4d53-a532-bdea6957fd73;MALE
1514a3ce-2ea9-4946-a4b2-e21911106205;MALE
232fb14c-a3d5-4edd-b34c-bd841207ecb7;MALE
1814c6fb-9d99-4f75-95f8-c8a3bf57fc6b;MALE
8c1d9a87-9fc7-47b4-bf32-0fb677d5b46e;MALE
b7ac9cf0-ba0b-493b-a96f-64196455b76e;MALE
7195ae66-0bb6-4ec7-a9e2-c31c7f0d276b;MALE
cc98cd1b-b4e6-4acb-aebe-6655f91bba85;MALE
ce6d088b-320c-41f7-8ede-afb5f486072d;MALE
7681da7b-ad6d-428e-ae89-9adb1013972e;MALE
11ac1169-8db4-49cd-9e08-aa0fa3fd9c8c;MALE
baeb3853-4bb0-4857-8802-db990e24f88b;MALE
25a286e9-74bd-4f10-b095-19b5154eeba0;MALE
508eb5df-243e-40d8-a507-604f73134f75;MALE
e7ef6f71-cd44-48e6-8d51-0c6b7befa367;MALE
958a6427-8101-4e85-ac24-9434c1643092;MALE
6f2aac16-538a-44d8-8ba6-815fa351afad;MALE
c68ce512-e293-4f9c-b735-2db6f2d71114;MALE
33f8a5d8-f275-44cc-b5d5-ad876436f83e;MALE
221b15f2-de9c-4d52-85ad-e0009257474f;MALE
2d9b4488-b57d-4558-bb55-a71a8408b87e;MALE
4ad42d17-25b8-4b9f-bd90-d1def2d3373c;MALE
6eeed171-f295-4ade-8074-17ee12a55a49;MALE
fd9db502-4ec3-4e02-88ae-bf01f43c4290;MALE
1c73e6b3-3357-4525-9fca-c738eb98ba70;MALE
7658971b-2e49-4350-93fd-1df966072690;MALE
2ef286f0-61c3-4a9a-80e3-5e3205b77d33;MALE
da74b8bc-759b-40d2-a808-4c62e91a5825;MALE
e6e861d4-af16-49db-bc57-7f464d151425;MALE
cbfb1be7-f215-4331-b6bd-d5309b00d1c7;MALE
c794a113-e5b5-4f18-a9ce-db5934a2b49b;MALE
b32ee57a-0ba2-49c2-98cf-3fcee7102c90;MALE
111f53cd-b27f-4e3e-b8a5-00dca204a4f3;MALE
4689de86-53db-43ee-bb43-244861802dfb;MALE
68322be5-3363-481a-8393-12f611da72fc;MALE
175191a6-3269-4ca2-9a36-df099d6bae55;MALE
52ff8330-6828-4ddc-a245-fe8efe89cfcd;MALE
af4fdf40-d1ea-485b-8555-26878c67567d;MALE
ea7306f4-8c2d-439c-80fd-ae747ad30923;MALE
c192b804-d3aa-4603-b80b-d0f5bf4dd318;MALE
e3ddb5e2-6050-4ec3-aea8-c2b9af9764e6;MALE
004835fb-d2fa-4ba4-8128-c87840dfda0b;MALE
c07dc9de-7b81-4ca3-b93c-9db43ef409bc;MALE
053dba70-154e-462e-ae71-5839b96a750f;MALE
4a2c099f-cd9f-4911-a686-8f4cfd3b27ab;MALE
f209b9fa-9527-4a51-9852-0cb7f386a7b0;MALE
74c63be2-407a-4725-b496-b2d097538b61;MALE
549fd2a1-63ec-46d5-8119-5132a17bb965;MALE
8b904b63-8667-463e-b087-61d9d5ce9e05;MALE
c7fc7b67-800c-40a5-80eb-ed9de6526dfd;MALE
2a073c7f-90ac-47b8-a384-dc9df6b72682;MALE
1bba39af-9f06-4c58-a997-ea1c0ce7a596;MALE
f7a8c3cf-51b4-4dd3-a982-77869689a7a1;MALE
fe299ddc-eb81-455e-8183-f166a6f85059;MALE
1a3c4e4f-aca8-4ad0-adf2-fb6289d3275c;MALE
3374d8c4-39a4-47d3-a9f8-811bcbc2ade9;MALE
93d22db0-8000-4a6d-b138-b715935f9ee8;MALE
d8c46bde-94f0-4554-bc42-04e830ee0e49;MALE
0e82b104-148d-4e06-a628-a7c930ddcdc1;MALE
86ced571-2e1d-41d1-9023-1007790fb415;MALE
a027174a-ff0e-45a8-826b-0a11f59240bc;MALE
2a5668a7-9f95-4cee-be70-f402509aff0f;MALE
f424c001-416c-4fcd-926d-7deed8cfca3e;MALE
cba88222-53fd-405f-bf1e-e1ddaf96c8a2;MALE
255d1fa7-e7f9-4531-ab91-dc0a3ab698f4;MALE
68d24b4f-54c4-4089-ba47-794380566ece;MALE
da1f7d02-9d18-46ae-bde6-30ef79b9e952;MALE
f8364883-701c-42ee-93cb-370fe915e576;MALE
0efa878c-2eeb-40a6-84a8-e06e3af8004b;MALE
0208d332-356e-489a-a57a-641514b96400;MALE
11a390a9-2693-4efc-b97c-9e8b03a8f5b0;MALE
ae0b0f3f-50a0-4623-a6a0-ea4bdc09728f;MALE
26d5d5a8-158b-4b00-b77e-2ac5b9b81642;MALE
27da5fb8-7eed-40ee-b71a-a7c4e2ac04e3;MALE
9d974577-ade3-4686-9f71-710c667b0b66;MALE
0b04ae3d-486d-4f8f-9deb-f91e77e6cb08;MALE
a2aa8198-91e8-4d4a-9059-7bcb9c0bb968;MALE
a9503dca-1f36-4fcc-a203-b59bd349e3f9;MALE
581980a4-d59a-41f1-8b6f-140b89aa736a;MALE
6dcc014d-2bfc-4856-9da3-41b9bd812ae3;MALE
89be3a59-c8d8-4adc-9eb6-e30be7221237;MALE
99714379-15fb-488e-9708-fac282fca503;MALE
92de68d3-73d2-4334-99f5-6746471a6732;MALE
a41aa474-27a2-43d8-a625-8aadbdb034bd;MALE
4df6abdc-e923-4064-82f5-79bc6e2a2361;MALE
2073c349-09a1-417d-ad4f-57a44d081e35;MALE
75570db7-9d30-4e60-8a3c-8db990343169;MALE
a2195318-6560-493f-9aee-e34b46fd114a;MALE
94cbed63-8761-4de4-81e1-8924f0c32cd9;MALE
a994b453-a47c-4115-b120-78e11884a604;MALE
3946758a-9f0c-4e0f-8059-fef17f36d74c;MALE
22e59017-4ee0-402d-9ed9-36d25eebf07d;MALE
90d928dc-6efb-48dc-9fef-fad869afea62;MALE
4ea05263-ab4f-4071-b40f-269eed753287;MALE
d6e33cd2-db33-4098-9a17-af2ed53f3ec3;MALE
81884cbf-b9ea-4299-8d6c-30521cb0cd1a;MALE
203a1e19-818c-4f5d-b5b0-dd9074bb8c02;MALE
111484b6-6b13-4906-ae74-49e318715c91;MALE
5976bdda-3096-497e-b370-5adbc884484e;MALE
1f8f7dc7-ed33-48b1-9525-db57354a8c1d;MALE
45d61183-6202-4af9-9b37-e539de5b06c4;MALE
8e25f1fe-85e5-4768-a149-9c67b5264ddf;MALE
f0340feb-519b-49a6-a90a-7b21c56a2dfe;MALE
0a46c7a0-e95c-4c2b-942e-1a97dd457a51;MALE
fe45497b-f26a-443e-9f2a-bf8c73171eff;MALE
f3488324-d081-4acf-9283-f6cb1aad7055;MALE
4b7f243c-5aff-41ec-96f5-89995de2cd0d;MALE
55f93e76-967c-4a64-8427-406a72d8064a;MALE
8e4b38df-d15d-4610-ab3d-d634ad669c68;MALE
f5946de0-f5a9-435f-b2bb-e11c91666aca;MALE
9cf23aef-b386-4208-b18c-a76233763295;MALE
dbe5d8fe-1abb-46c4-bedb-119851811a52;MALE
b724e767-de26-4fbe-a863-47e07be369db;MALE
a9b2e36d-5260-400e-99a9-0fc7f430e8d8;MALE
38cd6b27-5b4b-4356-b5ce-ea55a9d0b9b9;MALE
39ebb837-8575-4272-884d-8abdbc48243f;MALE
e21363e1-c82e-44e2-b358-b7050a13308c;MALE
9c923fdb-ad8d-43e0-9594-4928e9d2889b;MALE
13d8a40b-641a-4858-9beb-b5473628f3e1;MALE
dcbcb37f-f19c-46de-af73-07a144c50778;MALE
97ecc156-133e-4840-aeda-350dd1ef394f;MALE
40d6e6fd-2b4f-44d4-8aff-0e9ee9820e5f;MALE
1905dab8-7a39-4422-8a9c-63206b26e10f;MALE
0c278bcf-848f-4db1-b70f-5ed71e1e9704;MALE
30d364ef-72d3-4195-9d30-9980207b8d49;MALE
f4476e3a-0eb7-4d9f-a54d-c4b6f7aa8894;MALE
97fd9900-e120-4b92-9061-5b9144e5df1d;MALE
72fe3ee1-7b4a-4fed-93f9-7b7b6569a8cf;MALE
de70fd79-3700-4bbc-b63b-14222dbac202;MALE
f343d25c-2f14-468a-8fb9-04f1fbbfeece;MALE
2dd42fbe-762b-4a45-9072-7532a8b6bd6b;MALE
3502f1ea-d93a-445f-b987-3a895de79316;MALE
b32fac8f-00ef-4467-8a53-2e4ff5944d36;MALE
b58466f1-04ce-4ac7-a0e7-228b384f877c;MALE
359b1b59-e8d8-42b2-a8e7-16aa2b405aea;MALE
fa61afa4-4df2-4113-9bfd-34527d071196;MALE
eb525957-c31c-4d80-a217-7821be97dd53;MALE
251d1a4c-7e29-4adb-9f4d-ee5935c29e05;MALE
60489e90-640f-4956-b2be-f35e1eb3f80f;MALE
8edc033b-1f80-47fa-9db7-86769038622b;MALE
3559a531-bcf6-411f-9fa5-07c5b720ac6d;MALE
0d072718-55cb-41c6-a968-fc37be79f30a;MALE
acc74b11-76b4-41ef-8aff-df9a2fb138d0;MALE
49815060-13e0-4f29-b3d4-554b8e8892e7;MALE
ca8015bd-fc0e-422a-883e-ebde06ea38c3;MALE
ad2952ff-5efc-4c53-94ea-f6aaadf4fd82;MALE
fc6f0fee-87c8-43a2-82b0-675bc78d7361;MALE
f941ef8c-e51e-48ec-9b6f-f10e8ec3caa7;MALE
8202fe8f-7791-4b52-a36a-8f73417e0576;MALE
eda38b0f-c843-447a-b2a3-75646a8c9b0e;MALE
833d8d88-ae9a-4940-bde0-38da853ac023;MALE
c1bf0863-6f59-4b7c-be61-3d9c41ed99b0;MALE
91470472-2483-4dba-bf43-ae7829d3ef5c;MALE
1b981224-a538-4ac6-b966-d519b249af98;MALE
e004a2fd-7a26-43c5-86e2-acce66e827c5;MALE
b1476716-03db-4a16-9eb9-903de509f833;MALE
e975facf-16c7-4492-b3cf-1133b355cf28;MALE
6d947f5f-04ec-4fb6-95a1-7573ff6dcb49;MALE
d65e1e15-50bd-4cbe-8867-46f421e1db2a;MALE
0320eb7a-268c-469b-b8fa-817928b87fae;MALE
387b3d86-422e-42c5-9059-8067658a97f3;MALE
ac8e9b2c-c072-42d6-8267-e203631b5f28;MALE
1a0161ec-c0ea-4bb9-985c-3f64c86c92b0;MALE
d5960a25-9a86-407c-a14a-3a490821ed9a;MALE
2e5741b1-f04a-4f2f-b374-89bf1f2f1170;MALE
7999954e-795c-4862-b9a8-7d3230308847;MALE
9398acc8-9067-4461-b1a1-7e3690a1c22d;MALE
3f3930a8-0e41-4a66-a718-1384d6ad63f3;MALE
21655319-8bbf-477d-af08-93b731856d09;MALE
83f3aa4e-ceaf-4bd9-bf84-960a16824f53;MALE
21abe080-2256-461d-914f-124ebc84f5c4;MALE
06a91f13-0667-4375-8047-bc801318cd73;MALE
fc1ffb90-84cb-4291-935d-2c64cf12befc;MALE
ec801f24-b909-4dba-885f-02bd6c12f4fe;MALE
b1714921-8d7f-4689-90d3-23569cb91fc4;MALE
00cc9eb8-1901-442d-84c5-9249fb151be8;MALE
3f0084b6-8dc7-45a0-b8ba-0eecccdbae28;MALE
0f0ef646-0c29-45ac-93d5-8794aec37b5c;MALE
96c835ab-b223-4c9f-b284-ab56fa22ae1a;MALE
df39cdb5-a26f-4385-9717-025d98d8987f;MALE
210ee1d9-80d8-4f3f-8478-468f06af6090;MALE
6999b729-3784-45a8-90c5-0bc129069a2c;MALE
ba840aa3-2bab-4860-b347-f00181a2bebd;MALE
13fabb40-84d1-44e5-b891-0b273cba506e;MALE
cd99e62e-b39c-46fe-a500-a782fc0730d2;MALE
b5fbb0e0-2d22-4ae1-a44d-aa526dd4e06d;MALE
aedde2b4-8b58-45a0-9d69-7c09b0c76372;MALE
978857f1-7a30-4960-841d-1f2d3b4cc417;MALE
db56a823-f89e-4bd1-973b-737907a6283f;MALE
9b6eb8fd-b997-452c-b1ca-b81fd65d5439;MALE
b82532a4-9596-43a5-b4cd-e4a4e62d8b32;MALE
ce38be94-d1df-4026-9540-3bb3f5fc50ad;MALE
7aebb3ee-e516-45bd-b9d7-532fe7059490;MALE
8b4e5b3c-f95b-4878-8ccd-0e0985bddbac;MALE
2c89966e-06d7-4338-ae2a-d6fa1e4ed8f2;MALE
743a8d0f-693a-41a4-b505-96aaa79d08bf;MALE
154dd12e-3849-4f38-b6fb-e99a289c5e21;MALE
e246a02b-d6ae-4407-bcf8-4431c65b2e3e;MALE
062a2521-72a1-4bef-a05d-8b03a0ed78e8;MALE
e58b99a8-3f6c-4a4d-b234-cac86535c57e;MALE
782cac63-c0da-498a-b2d0-0e166170312c;MALE
097c6b7b-db57-4d2e-858c-76252689ad12;MALE
269b98b3-26b2-4d0d-9dce-606718b1138a;MALE
d4edb2ad-fd87-40d3-aff8-63d7d491e913;MALE
8b639f48-a3ee-4666-ab95-9e1fc113a9ab;MALE
d4e5334f-6a2e-40fa-af2a-1f945ed32783;MALE
ee514c9e-8b50-451f-8fd9-83a2b20fcf14;MALE
3db38cc5-105b-4ddb-840b-b454bff3c1fe;MALE
40c7b265-53ae-498f-abec-4ed4304e3863;MALE
9922ff95-bf71-4123-bd55-b952938ecb02;MALE
31345906-047f-49b8-a299-9360e935d463;MALE
8bc2571e-2e52-4048-b398-10d4ba9a4e37;MALE
1866b9fb-c828-4b77-af9b-a148d9936628;MALE
25c2fc9e-f0ca-4249-9359-ce63da08d105;MALE
8af65b3a-14f1-48bd-97cf-963ac6c72a7f;MALE
11160c11-1fcb-4daf-b09a-e649dffb2cb9;MALE
a0085eb7-c9ce-4173-ac35-770ffa5ba865;MALE
6ef4de51-51f3-4ed3-aee1-cb05bae4f023;MALE
204fb2e2-bb82-48de-9032-c5575ff65869;MALE
c6d5f51e-d0d2-4509-a76c-50debd294f85;MALE
cae2eb20-b3f1-4a2e-9f5e-65cfbefd56b6;MALE
8a067a9f-d445-40b0-953d-f4cc0d4f7d30;MALE
99a89790-05ce-4a7f-93ed-2c91180ffaf5;MALE
acb0710f-1355-4ef3-ab25-6f4a39b88371;MALE
fb702247-2faf-46d6-8b5f-7c44a55541e6;MALE
43ac2275-8b9c-429a-892e-c532029adfb8;MALE
b177bed5-44bb-4646-8423-7df0a2f9c4c3;MALE
35b4d0cf-b582-4c35-ac96-2407ec277f4a;MALE
225f95b9-e40d-4a00-9c1e-81f187320b90;MALE
7c8107ea-b91d-4e66-8017-d09c6d055bbe;MALE
e434ef3f-671d-49d0-9084-9443aa179118;MALE
1f96640a-6674-40d7-8a78-c7ffbf13e563;MALE
cbb3252a-8c37-42ab-842b-c151233da671;MALE
e88a7142-32a6-4c4a-8971-6affed21b307;MALE
d7d9a08f-1614-43e6-8748-52c902fa762a;MALE
9c2a7584-2c1e-4e30-a712-ac35c43435fd;MALE
4865ae97-fa7a-4916-9a20-6d9428548a9b;MALE
775e4270-0030-464f-bd9d-0d88390671ec;MALE
b01349f7-a251-47cf-b795-ceea3b2b052b;MALE
c858e1d1-519d-45ba-8027-2199569390b8;MALE
4530b16f-b4ed-4077-a27b-51d08e9ebe11;MALE
03640c46-37b7-4dc5-9fba-0b089de380c5;MALE
ab6ae719-5908-4833-8b8e-97e1ac64347a;MALE
f3ebbf35-0b87-4ea7-a4d4-03a7018c8d51;MALE
f0c2cea9-db47-402a-b592-3d37a281e8ca;MALE
5cf8e318-d6aa-4a1d-9687-146587cbb60b;MALE
d113857c-f39b-4884-810b-cac5581879d2;MALE
c1a350ae-43a7-426a-a0cc-4df48cc622bd;MALE
af6b2bac-06a3-4455-b833-3dbcbec794d4;MALE
a908c082-2d09-4ead-8b29-981f96f6bed0;MALE
8a248e66-38ee-4881-990f-2d677be31648;MALE
f1cfba1e-c397-45d5-b225-887754085547;MALE
9c68cee6-38c7-4927-95f4-97296b8f3487;MALE
4d5eb4a8-c740-4aa6-a594-7aa3db00197b;MALE
f9979114-baff-41ac-ac3f-8cfd07313cf6;MALE
f669efe4-eb6e-4805-a8cf-9e759d455c56;MALE
1d212cda-0364-4276-ae0b-fe4fd18cd33f;MALE
d959ed66-b003-4ebb-9fb5-c0ddeb522299;MALE
d4f07d22-fac1-4b5f-9c35-4ada0023ca53;MALE
bcb90034-af05-41b8-a880-8c2466ae1599;MALE
ab76cae0-3e71-4a38-8f05-47cc2b31c362;MALE
33b3493d-df92-4998-8267-e2280c7a2bd6;MALE
4901299d-0b8a-4024-9acd-c2a702427e07;MALE
f218508f-0263-443b-ac1f-e89c8b5fd3bc;MALE
9ff12519-1105-4280-b45c-8c6b7f3f1e23;MALE
cbf78852-0b99-46f5-863f-29b92e72e1f8;MALE
a3a2e9da-5e60-42fe-bf4a-c56901923f2d;MALE
3d770e89-ff28-489d-b4d1-f8a9c6036b4c;MALE
2ee5f534-b31a-4124-a87d-289fe5e7fa39;MALE
dd8986b5-6d7f-4f69-8d54-5980a66583c2;MALE
3557298e-59a7-4b62-8d92-43e99629a55a;MALE
039bdab8-e2e1-4330-b2af-9553acee00dd;MALE
5e119381-ea17-48cf-83bd-7793ff1b9532;MALE
5b9f5261-a2ce-4488-9da2-53a0a6816250;MALE
b161de3c-e3c5-4561-ae1a-bf8ed5285866;MALE
4f8b40fa-86bd-421c-bc76-c80725c29973;MALE
e553e388-dedf-4ce2-97dd-9274f4736456;MALE
7654531c-0a70-402c-8724-76a2f9792277;MALE
8df019d1-8d0e-4fed-9557-d22e59a7f5e1;MALE
3c1f6dd8-80d3-49e4-866a-4f14bc7518cf;MALE
b53ca763-f9d7-4477-89d4-5525528e63af;MALE
3542d771-41b3-41de-827e-38573d267909;MALE
ab6f3d0c-500b-47d1-a0cb-a8b54014305d;MALE
344b4de9-c1cf-4093-a1b8-6032a5bbb880;MALE
c6a188e3-0f94-41c1-af41-80bd7480208a;MALE
8ac20228-ffb6-4779-bdf8-0be0f5f39502;MALE
7f6bc922-7cdc-48ab-a278-998e0d87dba1;MALE
de1ca7de-6030-432c-a283-461c000c2864;MALE
7f15792d-2689-4ccb-b9fb-49c513626751;MALE
2e84b136-bb11-4539-adcd-406f205155e7;MALE
0d3883ad-d31b-4e3b-901a-d814f1c408de;MALE
05268195-986b-4d06-92e7-83edd21f9e9e;MALE
a07d81ff-cd35-4dae-b59d-80316a28d8aa;MALE
6be3b42f-9f86-46d7-a766-0bb573521d62;MALE
8aafe318-8dc5-40a1-97b2-adb4d2df7a39;MALE
e6c326ec-d122-47fb-a720-299f2dadcd84;MALE
440e60f3-ab47-48fe-bc43-d8aedf0196be;MALE
04d13d6b-dade-4923-8bf8-a5e7a0a6ecaf;MALE
6cda3b4b-a629-48e9-8348-a2215f258613;MALE
9a144362-d335-43c2-be9d-4de7cf49a4f8;MALE
43f6c357-bbc8-4610-8299-56f75275309a;MALE
0685f646-32da-4639-ab29-19a0a05e1a1c;MALE
0131233b-0fcb-4292-ae27-ddd09e77fbcb;MALE
20e78bc2-eaf0-4d76-aeba-5dfba177d8da;MALE
99764d59-daf2-462f-bdb6-b834821ace28;MALE
1101709f-712b-447b-987a-dec27180c854;MALE
4b935453-7f50-4708-be59-66659154349b;MALE
50e3feea-7e61-419c-81c8-e28b97c01532;MALE
6558efd1-b20d-44c6-ab34-ffcd91da03d7;MALE
8dc8be01-fee5-4bc4-9aae-b68c3adeeed1;MALE
0c16dfd3-85d8-4bcf-91b7-5e283b3a629c;MALE
e9aac6f5-c2bb-43ee-9f33-427cbe50fdde;MALE
78e179ad-ed5d-4980-ba13-3eb3b4c331f6;MALE
1b2db956-ecc5-4688-90bf-346edd510c79;MALE
cf439d44-8124-4000-addb-3d03c78640b4;MALE
ca821cdf-419e-4f2c-a6c7-2f99d0d87a7b;MALE
ecb43af4-adfb-4349-8594-7b8c759df946;MALE
6e162851-f819-4b7b-be17-b2fdb276e239;MALE
a50bf940-5b58-4390-8fc7-b113085ece9b;MALE
904c9d28-135d-4ec7-af5f-3c7eaac07ada;MALE
827e6e0d-c70c-4aa7-981e-da9f6b9fa65c;MALE
14990fce-1785-458e-9926-8a7524e574fa;MALE
0c393699-1124-44cf-9a94-4b940d023097;MALE
d89bc607-e1b3-4678-a193-a724d443e2d7;MALE
63da9b56-8415-4dfd-9114-ba595327e023;MALE
4aae359f-83a4-4d28-8e9c-3b5a76f15bdc;MALE
d20b5eee-f267-49d7-a08a-d7f514313b1e;MALE
aeb20628-f3e3-4dab-b017-e76f846d5723;MALE
2466d41d-df16-4f57-bd1c-a06a87ee24a7;MALE
a597a66f-4278-494a-ae76-3697fdc14a92;MALE
b44c8d84-2441-45df-ba51-8e866c6f0f1c;FEMALE
eccd640c-aa74-4cc1-8052-740a96b28ed9;MALE
76f538d8-3b57-4787-9f25-bb4ff7ac189c;MALE
527651c0-40b1-41c4-b9de-e9dc507bdcc7;MALE
f3f37aae-7625-4cd4-a79d-981a628f8026;MALE
da76a236-bfb6-4073-a6f5-7a199d56345d;MALE
d6315c00-be62-490c-b8ba-f01cfbe5918b;MALE
7883ad88-15d3-402b-8bb4-7b734da925a9;FEMALE
22648fba-4a48-4158-9ee6-35f73c2cff9c;MALE
64193c92-0274-4809-af8f-027518402eba;MALE
892e11bb-e098-4197-b91f-5cafe21666c7;FEMALE
9529b546-f481-4a9c-b30c-2277ae00923f;MALE
8578328e-68c3-4b52-98bf-815ee4f68546;MALE
b5977b82-76a3-4cb5-b326-555cd50eadf3;MALE
18c6eed4-71f8-4839-b80d-c726f5d8e7d3;MALE
4d71c61a-6716-41ba-a185-330d39d521eb;FEMALE
9fea6753-6695-4cfc-8274-77bf540503f0;MALE
7ca62c39-bae8-42c2-b49a-f9c63bceb66e;MALE
ea18a3e3-7abe-4398-a8f8-de478ddb9622;MALE
040a01e0-6867-499e-9547-da58c638da19;MALE
237d5ad6-877d-4e4c-8e90-90996279496a;FEMALE
0c1ffd94-c2ff-4661-839d-947cef69cd4d;MALE
e7715bea-3a28-45fe-8911-3a8bf08c567b;MALE
228b68f3-e05e-42e4-a5a9-a9712671d2f3;FEMALE
4cacf3b7-752f-40fc-845e-7ef85e2ef360;MALE
c8ebbeb0-8d43-4216-86e8-dbe18378ad79;MALE
b7988064-22a6-4b89-bdba-e0fd186243e9;FEMALE
2d78e701-8cca-4553-b0df-90603eaf24c0;MALE
776ded30-1a3f-4757-84d8-9272b3917ac9;MALE
6293b0f2-d749-4271-af52-d1e77edf8a91;FEMALE
6f553072-6ec9-46a6-8eec-ef1797e8b613;MALE
c9248540-2876-4251-9dc4-db572ae718db;MALE
69bf6806-ab91-4336-8d1e-84382866e3d4;FEMALE
ead17105-71ef-42fb-986f-5df219059bb1;MALE
1a4cf35a-598a-48e2-8023-db50059f7e1d;MALE
af443bba-a225-4ab0-a6d4-cc53dc697e18;MALE
345aa450-1984-4174-a099-700ff116790f;MALE
7268cf0d-7093-4260-9869-e1dbaeaef465;MALE
6def3968-9c12-4d03-852b-604ba642bd1b;MALE
bd6496a1-afe9-435a-a566-e596ba173fa8;MALE
20bf905e-38f0-464c-99f8-ffa10dbcf03f;MALE
96e796e7-26ee-4329-aa17-39d78f6a152e;MALE
e3641251-3638-431b-8f03-10f6fd2aefac;MALE
323f5f0a-fe4d-42e6-8f01-631f64b7ec50;MALE
64e8cdd2-fb89-4280-bbc4-3c954c5983bf;MALE
217fae16-d9a1-49ac-9cce-dfb64901071b;MALE
3ad1f08d-a718-4760-a9b1-ddcd6fc933f1;MALE
8f142365-97b5-4d18-96d1-637199562d8f;MALE
e9b1201a-c712-4a6d-9045-285e7dad9c5b;MALE
a43ea2df-4832-47f3-906f-1ceae1a65598;MALE
23124b58-a3f3-4b82-8670-bc8f8256f23a;MALE
8cc94728-adc3-43b8-8cb0-2b2ea4e1a709;MALE
d29ce71b-4ad3-4fc1-bf80-cdce76bc9e2c;FEMALE
cfbf965c-3507-459b-a0eb-50f61bfee6ff;FEMALE
2cedf6b4-a17d-4334-8dca-ff88e027ee69;FEMALE
e4d7b31a-f4b0-4e08-a891-7f81711ff6fa;MALE
3ab183a2-f8b6-4d1d-9c17-13c73e44f60f;MALE
b13381d3-b87c-4e0b-b8b6-128dc1e31d29;MALE
86281fda-87b3-42f0-90e1-aba6b218cede;FEMALE
ef39109a-88ec-40ec-8aaf-ce500057fe22;MALE
7bf0e125-a7f1-4fbc-8f3a-67086ad75b27;MALE
5ed0fea8-fbe8-47f3-b3cd-2f7be6ebb443;MALE
7ceda1a0-229c-45c6-be58-a44c0cf68364;MALE
3615e387-135e-42a2-8799-583e91edb6d7;FEMALE
bf7f4b57-96bd-4039-813c-96a085f1933d;FEMALE
f9200014-dcfe-4fbb-95d3-1d54d482e380;MALE
cec33eda-b261-4084-ad2a-3451d98a5c27;MALE
2eda917f-7388-4f8c-ba81-dc526c048d36;MALE
32dbe01b-9f94-43df-8ada-6209dbcaed10;MALE
52f10434-7458-49d6-a215-1ac0146d1c43;FEMALE
54b55861-2373-41c6-a1a3-4b6e355c892d;MALE
58c2b741-7dbc-4bf4-9ceb-953a1ea5a7d5;MALE
44e3ce00-4cf3-46b0-b45c-2b8bb901f7d2;MALE
aec79711-63ba-4b0e-8113-9c8bae470fde;MALE
58ec2038-fa75-4222-9deb-ae796408d96a;FEMALE
8bf652c5-5223-4734-bd7e-b4497194e838;MALE
3970dfac-d814-47ce-a5af-95723fa0c007;FEMALE
a693faad-c999-4a10-a266-abb41d168c14;MALE
6703773a-6229-468d-aaf3-d3b5c42c3b94;MALE
08a9fbfe-7b6a-41b1-89ad-63c0017e27b3;MALE
af88a046-36e6-4f6c-a267-3fa398d3afd9;FEMALE
0cb2610f-59f9-4bd5-a1eb-6b6a4eb3d8eb;FEMALE
57042590-3673-403a-8477-5efb47ff0495;FEMALE
b7727ff4-9038-4190-b310-1120edf66f47;MALE
75db901d-14b5-43f5-8e66-d4cae1408a1f;MALE
01ba4879-85b4-49ee-a7b9-bcf4433f9410;FEMALE
1d37769f-e209-4057-a850-2624e84d341c;MALE
66d9a7c7-1f6d-4558-8581-acecaf974dc6;MALE
f9b2584b-cf3b-40cc-b297-fa30ccfb0cbc;FEMALE
41d7033b-1db3-4f24-af19-1b428af0280a;FEMALE
db0137ab-3235-45db-8d64-414be472a619;MALE
6647fa05-29eb-42f9-b833-7ac317b4ef6a;FEMALE
f4324ca1-705c-4a84-b367-54663b137f41;FEMALE
15d3227d-77d7-449a-a416-c9fc1472e639;MALE
09f78bef-87ee-4ee0-9c08-4a5290dc042d;MALE
cf52ee78-0483-4573-b5a4-990d1804dbcf;FEMALE
cef7b4c0-cae3-4133-b37d-79ba85ac2c79;FEMALE
974c1568-6cef-4229-b3f1-8ceff3ea0304;MALE
962aa06c-a958-465b-be82-b7892c6a969d;MALE
c5237aaf-a939-4cc4-b979-cdf6e4d339f8;MALE
e14ed292-ea91-45cc-bb27-d0570a51b3bb;MALE
bc9d0a20-a90e-4bac-91a6-5ce478a268cf;FEMALE
025751d4-9ce8-4c56-ae6c-1b8c6bf05a66;FEMALE
0a927999-8aeb-43d3-a056-bde735acdfe1;FEMALE
01613c04-e418-4b50-be95-d289bd39e8b4;MALE
f01d5823-01ea-4047-b539-193747841fa9;MALE
83a77450-2ddb-43b4-82b2-bc57e901a950;MALE
795f1f74-da79-4de9-abbf-ea144cdfafd7;MALE
21a33eca-845b-4cf1-a727-b24272a42f23;MALE
314682a8-495b-4807-97f6-e026a8b64379;MALE
03b4ab95-3294-4f72-990b-0441f1345aa4;MALE
02a10475-74ed-49ec-acc0-0f21cf65ec26;MALE
a430e692-5f8b-4f65-b6b8-7ee9772a1e65;FEMALE
8f59c473-06e8-453c-b7e8-201b7dc995cb;MALE
021c5d74-881b-4cff-8328-e675986e4012;FEMALE
5054de0a-2932-472d-91ae-121ac9c90af4;MALE
b38f39a9-9804-4c90-9d11-df3104f70550;FEMALE
752be61d-b6de-42d4-9272-d915626a3dab;FEMALE
219a5ff4-f396-45dc-83f3-42e5428feb0d;FEMALE
26fb2b03-2604-4fef-bed7-2c1f0cedabbc;FEMALE
a169214d-a18c-4e8c-a394-844df57dce6c;MALE
71be79bc-3ee9-44d6-b0ac-fc74abbfb3e7;FEMALE
94f59755-8e00-499a-883d-7ff7f262fbe7;MALE
ce26cf29-7a5b-4dff-ba87-7b46ce28e66a;MALE
89e81aa5-2d48-4e64-8fcf-89b752737cc0;MALE
53622a01-7264-437b-a2ba-0ce00142699a;MALE
75a99c9e-bacc-4891-8e77-dde72905b9ee;MALE
16be59b6-c203-4e9b-9c74-21c685217258;MALE
bd443b03-b4b8-4d04-90b6-ef789a85eb9f;MALE
648c761d-798b-4735-9134-be0dd23ec1a7;MALE
9a6813bc-520f-4061-80dc-ebe30aa40556;MALE
3e134d8d-2e12-4858-90d6-7e8128273fc9;MALE
27227932-fdcc-45ea-ba7d-b33afe1e2ea7;MALE
e44ff189-6046-4260-86b6-0ea58746266b;MALE
b44609c2-b80c-46c9-841c-c69070fcdec6;MALE
1ccf1b4d-0ae0-4b67-ab2a-0dfc0424a31f;MALE
b0041efb-b020-4da2-8d43-bd0b8524ff8c;MALE
9de4170d-f499-45fc-a7f3-29b0551603ce;FEMALE
f7ed354d-00a4-491b-ac8c-f3caddd05c81;MALE
292f63cb-a5c9-4418-b86f-4108393a0562;MALE
ae918ed1-7dd6-47b0-b71b-1aa2a3233d1a;MALE
2d769ac5-c117-4d08-a336-6c0f9385a357;MALE
8dafd2ee-1379-4f9c-a824-635bc0a033b2;MALE
11a362b2-cb8f-4875-89eb-371c408009b3;MALE
7537dfaf-89ee-470e-ab8c-87106155aa36;MALE
4c4461b7-937e-47ac-a0ce-05a2149995f6;MALE
35aec5d9-9c01-46c0-a56a-a277f4307024;MALE
4482d35e-51c7-4a58-94e7-880b53b9400b;MALE
3f3eced2-3246-44db-a41c-7d55f21ee111;MALE
26d23ad0-6c80-4873-870b-99862e8073f6;MALE
1ea26c2a-ed95-43a5-8dff-50e4952fd3b0;MALE
405dedac-3673-4571-a5b9-2de51dbe0c5c;FEMALE
632df36d-3756-47ae-a154-757bfa626b75;MALE
26b8f254-bd42-481b-82cc-53e8d9b786d6;MALE
0faa03c6-c952-4ce6-a65a-213a18ee8810;MALE
ad40a562-c89c-48c3-828c-20bec00d09e0;FEMALE
8f9148ab-f983-488a-8463-944bfbe43a95;MALE
1327b0b3-fae8-4830-bf8f-3e53dc9bfd6a;MALE
61f649cc-bf89-4dca-afbe-96bb89e2d7b7;MALE
54bbec17-f53f-4547-a4f7-5382383d844c;MALE
cccb562e-9d5e-4297-a7c9-5605241aab6b;MALE
5021f392-8da7-4f36-a4b1-29f52298557f;MALE
7cd44875-5d79-4ac2-93d3-111621570ac0;MALE
dc7a7473-b06c-4571-b8b6-8a72077c5a79;MALE
828aa6ab-f44a-4cb7-ae7d-65f1fdba2043;MALE
0d028db3-5360-4b75-8510-870c31d727c2;MALE
c7b68339-1eda-42d8-b0a7-32b66c20c4d4;FEMALE
2f9128eb-d1ac-430e-89fd-ecd290f624c7;MALE
e50be3e9-38f0-4a30-952b-5e213282b346;MALE
c2d27642-1899-407a-a870-0fde22b1d5ed;MALE
1b6c7a0d-40ca-48fa-b049-b39877ec4628;MALE
e4fbd710-d0f0-409c-9e33-ec292269c6e6;FEMALE
0c6139a8-75e0-4cf1-a8ea-80ad7b80e4ea;MALE
f8c1ccd0-7bb4-4741-8835-f5f8380174e3;MALE
84f3afe4-fc25-40a0-b394-7e07d1c76635;MALE
31c5a660-ca24-4e0a-9045-706e1be0c3d8;MALE
0d9549d6-5eec-4fea-9672-6cb986d59c16;MALE
c23443d4-dd20-422f-b6d0-da5f294e160e;MALE
edd7877c-2037-496a-9258-31cf2af9c15b;FEMALE
21a3b1f2-87f3-409f-86da-304ec4a28975;MALE
a7d17e30-6e2e-489a-a945-898299a3d54a;FEMALE
ce20f1e8-c847-4336-bfba-8b62b0430225;MALE
6138fe76-8581-42ac-bbee-1de2f79a14c6;MALE
71072452-fd63-4bac-9354-9ec81a4baa0c;FEMALE
f61ff176-0a07-40e4-8248-7ec0c95e163f;FEMALE
f15c3a0d-0208-4e0f-b66b-1edcfc5f10da;MALE
306ebde0-a6c9-4599-9ef1-4af8fc5703e3;FEMALE
79654faa-2a58-4bd7-b538-18e86c2436ce;FEMALE
418a8a3b-a3e8-41d1-a0ab-18f16f6e6ff3;MALE
164b6c0f-629f-4bdd-87d2-4742c9634ee7;MALE
2d1dd368-06d8-47e4-a00f-6fe0f3c1c40e;MALE
59d363ab-e77f-4abd-ab87-d746e4e2a640;FEMALE
f2a118d1-a4a5-4927-858c-be86da4ef938;FEMALE
f3052ea1-daa3-489f-b57a-fd5985349cb9;FEMALE
67f7934e-f489-464f-b68e-304c2bc063b0;MALE
678366fe-896f-4407-8df1-214c8d8eec2e;FEMALE
8a8ca989-6514-4fb2-978b-2f888920eb47;MALE
8ffb8c69-cc20-4e77-8619-f8b90c87d6f4;MALE
74a450d5-a5a3-470b-b682-37ce3a471da5;FEMALE
d8e8a151-da30-4e73-bf86-61faa4e5640d;MALE
350b7ae5-af0f-4b05-aea8-90df2c2153c1;FEMALE
bf506fa0-528c-42ee-95ce-ee03395857c0;MALE
89a6bf7b-f4e3-4ec7-81e8-2019897e2731;MALE
2d66e78c-cd58-4989-8bb9-cc5cf4316764;MALE
7ed2f9d9-3b5a-46bd-b674-2ee2ea02128d;MALE
ddf3c672-9fdb-45c7-80c8-03d0883dc7bb;MALE
1de90e55-8a13-4747-8f0c-f10e91e34c87;MALE
c963af92-3789-462d-b530-1419a20bf24a;FEMALE
94093b45-462d-4a72-b5c8-f9ba073dee60;MALE
06f14ef6-9a27-4c5e-af89-e9428fc9e326;MALE
3d7652e1-d22c-4143-86b0-f1fdd15ab7dc;FEMALE
3c1aadae-f819-445b-bdfc-e582ccde53a6;FEMALE
2223ed39-3f05-496b-b540-3f9d03cec891;FEMALE
8734ef86-b2de-4c8e-b130-86b202e5c666;FEMALE
024f5469-f84a-46c1-a28a-53b0dcbb9150;MALE
a15723b9-b730-47f7-85dc-cfa5528c81f0;MALE
e71a08fc-54ef-40f8-bb8f-69df83aa1591;FEMALE
3ea37378-9cb4-422e-a800-0cadab0c9adb;MALE
b3d4b8f8-1aeb-4bbc-8a72-443dc009d32d;MALE
1e42e279-aea1-4e8f-b055-de9ff58c68c6;MALE
7a54cf06-ce49-40ea-8680-c93899d14422;FEMALE
f939c684-1652-4739-a42b-dbeb5a6d292a;FEMALE
bd10ba50-7600-458d-b37e-780a1dd7a72c;FEMALE
9f242967-c4f4-43ed-90b6-e7ba40c5fb12;MALE
fe822aa6-9b1e-45b7-8f66-9e1e53729b1d;MALE
3c887792-c05e-4681-b7a3-ffeb8e4d182e;FEMALE
e1e64722-4ceb-495a-b513-3b9313f34606;MALE
fd9c48dc-6585-476c-ad98-6fac58dfde07;MALE
5f0d9787-97ba-409c-86dd-5fe64f99fbbc;MALE
203ddbc2-8841-4b4b-b60a-f88d243c1113;MALE
aff3d556-37a2-4894-b05a-77a3cd64feb3;MALE
42bc3a1a-46f2-4af9-9a19-4ca37cd08010;FEMALE
2e790696-0965-4b9c-a89e-8b848a14398a;FEMALE
ca223bdd-3abb-454e-be4f-48c87fef225a;FEMALE
fe0ee209-6e0f-452b-9e14-ee04f3a5e0d0;FEMALE
0815b941-e217-46b8-8fa1-e2f1e79274b3;MALE
81b4bc34-c10a-43b7-8dd1-cfdeca047804;FEMALE
735f6454-9742-4b59-b8e2-b2166cd2707b;FEMALE
6ea8e5b8-fedd-4003-b378-deefd988dda0;MALE
bc4cc383-e917-42e8-be64-a683cedbbfb7;FEMALE
2334e2d4-7134-4dbf-8364-24b0b125fba3;MALE
a649f6e6-32e0-4453-8a8f-65d5eb4871f0;FEMALE
c0329bc6-f2e7-4b88-b530-0353c2e1d114;MALE
ca2c122f-2281-46aa-b9f9-78a15e693276;FEMALE
0a86e51c-2e66-46e6-b27c-a65b1397d7e3;MALE
7bdc3bef-fe1c-48c8-a6fc-7f897d0a6b0d;MALE
2a62f0ee-b3d5-4ba0-a5e3-f697822af0aa;MALE
7c1a78ca-f797-4b64-b619-8cdcd9dc1df8;MALE
6fca9a5a-419d-4463-86f3-9b24fb7702bf;MALE
d3cc4072-6586-4dab-8440-74d27b4ca021;FEMALE